,0,1,2,3,4,5,6,7,8,9,10,11,12,13,14,15,16,17,18,19
0,4,3,4,4,1,1,4,0,3,3,2,2,3,1,4,2,2,2,1,4
1,1,1,6,3,2,3,4,5,1,3,3,2,3,2,2,4,0,1,2,4
2,1,5,7,6,4,0,0,6,0,1,1,3,4,2,1,0,4,1,1,3
3,0,1,3,3,7,1,2,2,0,4,3,2,4,2,0,2,3,4,1,2
4,1,5,2,2,1,0,3,3,1,1,5,1,1,2,2,4,3,3,0,5
5,2,2,6,0,4,0,3,3,1,2,3,8,2,8,2,1,4,3,1,0
6,2,2,2,1,4,3,2,5,0,3,3,5,3,2,2,0,4,3,4,1
7,4,3,1,3,3,4,2,0,1,3,3,3,1,5,3,2,2,3,2,3
8,0,3,1,4,2,0,2,3,1,1,1,2,8,3,3,1,0,1,2,4
9,3,2,2,2,1,2,5,3,0,3,4,6,6,4,2,0,2,0,4,1
10,1,0,3,2,6,0,8,4,0,0,1,8,5,0,3,2,3,4,1,1
11,2,1,2,2,4,0,4,6,0,1,5,3,6,2,6,0,1,1,5,1
12,0,3,3,4,3,3,4,4,0,6,1,5,7,3,4,1,1,0,0,3
13,3,1,3,3,3,1,6,7,0,0,3,1,7,2,2,2,2,1,0,1
14,1,0,4,2,5,4,7,1,6,1,4,1,4,0,3,2,0,4,4,3
15,3,0,3,3,4,3,4,1,3,6,3,4,2,2,1,3,2,5,2,3
16,2,1,3,1,4,4,2,6,3,1,1,2,9,5,4,1,0,3,1,4
17,4,2,6,0,3,0,6,5,0,1,3,7,4,3,6,3,4,2,2,0
18,3,0,2,2,4,0,3,3,0,2,4,4,7,5,2,1,2,1,3,1
19,4,3,4,1,1,3,4,2,2,5,3,3,3,4,3,1,0,2,4,0
20,2,1,2,1,10,1,9,4,0,1,5,2,3,2,3,1,2,0,1,2
21,0,1,6,1,4,0,4,4,5,0,3,5,2,2,3,0,1,5,2,4
22,5,1,4,2,4,2,11,3,1,1,3,3,7,5,2,2,5,0,0,0
23,0,0,0,3,6,0,3,3,0,3,5,5,8,4,1,3,1,0,2,1
24,1,2,1,1,3,1,7,7,0,0,2,4,5,2,2,1,1,5,1,1
25,5,1,3,5,2,2,1,2,3,1,3,2,2,4,5,5,2,2,2,7
26,1,2,4,2,3,0,9,7,1,3,1,5,5,2,3,3,0,2,3,0
27,1,1,1,6,1,2,2,1,3,1,3,3,7,4,6,1,1,0,4,5
28,1,1,2,1,2,3,3,1,2,2,2,4,2,2,1,3,3,4,3,4
29,4,2,3,3,4,2,3,2,2,3,3,0,3,1,3,1,4,2,3,0
30,0,3,2,3,2,3,5,6,1,1,2,3,6,1,0,0,4,5,4,3
31,1,1,2,4,1,3,4,3,2,1,1,4,5,0,2,1,1,3,3,2
32,3,2,2,3,7,0,1,4,0,1,2,5,6,2,1,0,1,1,3,2
33,1,3,1,3,5,2,4,5,1,3,2,4,2,4,3,1,1,3,4,3
34,3,0,4,1,0,0,7,5,0,1,1,5,4,2,6,1,3,1,4,2
35,0,1,1,2,1,4,10,4,2,4,2,1,4,3,4,1,3,1,3,0
36,1,2,6,0,4,0,8,3,0,0,5,4,2,2,7,3,3,4,0,0
37,1,3,2,0,5,0,1,3,2,3,5,5,3,4,4,0,3,1,1,2
38,1,2,3,3,1,0,8,2,0,3,2,2,3,1,2,2,2,2,6,2
39,2,0,5,5,4,0,4,4,2,2,4,4,4,6,2,0,5,0,1,1
40,3,2,1,2,3,1,5,2,1,1,5,1,2,4,2,1,1,2,4,1
41,1,0,6,3,2,1,4,3,0,0,4,2,4,7,4,3,3,2,3,0
42,1,2,2,3,3,1,2,3,0,1,2,3,3,0,4,0,4,4,1,2
43,4,3,4,0,1,2,2,4,2,1,3,4,2,4,2,1,1,5,4,4
44,0,0,0,2,1,1,1,11,0,2,2,3,4,1,4,4,1,0,2,2
45,2,5,1,3,5,0,5,5,1,0,4,3,4,1,1,2,3,5,0,1
46,2,1,3,5,2,0,3,3,2,1,1,1,6,2,1,2,4,2,3,1
47,4,1,2,4,6,2,1,5,1,0,2,5,3,4,1,1,3,0,1,0
48,1,2,2,1,1,2,3,2,0,1,4,5,10,4,7,0,1,1,1,2
49,3,1,2,1,4,1,10,7,1,0,1,8,4,4,0,3,3,1,2,1
50,1,2,2,1,2,2,0,2,0,1,1,4,6,1,10,0,1,0,4,1
51,1,3,4,3,2,0,0,5,0,0,2,5,8,2,4,0,2,0,2,3
52,0,1,2,4,3,3,5,4,1,2,4,4,5,2,1,1,0,0,1,2
53,1,0,1,2,2,1,4,4,2,2,2,5,5,2,2,2,3,2,3,1
54,1,2,1,0,2,2,9,5,0,3,6,0,6,2,3,1,1,3,3,4
55,1,0,1,2,3,2,5,1,1,3,2,3,6,2,3,3,3,2,0,4
56,1,0,0,3,4,1,1,5,1,0,2,2,6,3,4,1,2,0,1,1
57,0,1,2,3,1,1,1,5,0,0,5,3,3,1,4,0,0,0,1,1
58,3,1,4,2,5,0,3,3,1,1,1,3,4,2,1,2,1,4,1,2
59,1,3,5,2,6,2,2,5,0,2,1,4,6,4,4,2,2,0,1,0
60,2,1,3,1,1,2,0,5,2,2,2,8,4,3,4,0,3,4,2,0
61,0,0,1,0,3,0,4,4,0,1,2,7,1,0,3,4,1,1,2,1
62,1,1,3,2,4,0,3,3,2,3,6,3,4,0,3,0,2,0,3,3
63,2,0,1,2,6,1,3,3,0,1,4,5,8,1,3,3,5,2,1,0
64,3,1,6,0,4,0,2,2,1,0,5,9,6,3,4,1,4,3,2,0
65,3,1,2,3,4,2,6,3,1,0,3,8,3,2,2,1,4,0,1,2
66,2,6,3,2,2,0,1,4,0,1,2,2,10,5,4,1,3,0,2,3
67,1,0,2,3,4,1,3,6,0,1,1,6,8,3,2,0,2,1,1,0
68,0,1,1,5,4,0,6,4,0,2,5,5,10,1,4,0,7,0,2,1
69,1,1,4,3,5,1,3,6,1,2,1,6,3,6,2,0,0,0,6,3
70,2,7,0,2,1,0,1,1,0,5,1,2,0,2,1,4,1,2,1,5
71,1,2,2,1,2,1,3,8,0,1,3,3,4,4,6,0,3,2,2,2
72,3,1,3,3,4,0,4,8,1,4,3,3,3,2,3,3,2,2,2,1
73,1,1,2,2,1,0,6,8,1,2,4,5,2,1,3,2,1,2,0,1
74,1,0,1,2,6,2,2,6,3,1,2,4,1,2,0,0,1,4,2,1
75,1,2,2,5,2,0,3,5,0,0,2,10,0,1,2,2,2,1,1,0
76,2,2,5,2,4,1,3,8,1,4,1,4,5,3,2,1,0,1,0,2
77,1,1,2,4,1,3,5,2,3,4,2,5,6,2,5,0,3,1,3,4
78,1,3,3,10,1,1,0,4,0,4,4,7,6,7,8,0,0,0,1,2
79,1,3,2,0,7,3,2,7,0,5,6,3,2,2,1,0,5,0,4,2
80,1,1,1,2,1,1,6,9,0,1,4,4,1,4,7,3,4,2,1,2
81,0,3,3,3,2,1,1,2,1,2,1,4,4,4,1,0,1,0,2,2
82,0,1,2,4,4,1,8,4,1,0,10,5,2,1,6,0,1,3,4,1
83,4,1,2,2,3,3,0,4,1,2,3,1,2,4,1,1,1,1,4,3
84,2,1,3,1,0,1,5,5,1,2,2,1,3,3,6,0,2,2,0,2
85,0,5,2,2,3,2,0,4,1,1,3,5,1,0,3,6,1,3,2,3
86,0,2,3,0,4,0,7,2,2,3,3,3,2,5,2,0,3,3,3,2
87,2,2,3,2,4,1,6,1,1,2,5,2,3,1,3,1,2,2,1,2
88,1,1,1,3,5,2,4,4,2,1,5,2,2,4,1,1,5,4,2,2
89,3,0,3,4,5,1,3,3,1,0,7,7,2,2,1,1,0,0,1,1
90,0,0,3,1,1,0,5,5,3,2,2,4,8,2,2,1,4,0,0,5
91,1,1,4,4,2,0,0,5,3,2,3,6,7,5,3,2,0,0,8,0
92,2,3,1,3,4,0,4,6,1,2,4,2,3,3,2,0,5,1,2,4
93,4,3,2,4,2,3,2,2,2,3,4,0,1,2,1,1,0,2,0,5
94,2,3,3,4,2,1,6,8,0,0,5,2,9,2,7,0,4,2,1,1
95,1,0,3,7,3,1,5,4,1,1,6,7,5,3,5,0,0,3,1,1
96,0,3,3,5,0,4,1,6,0,0,4,4,2,3,3,1,2,0,2,2
97,1,0,9,3,4,1,9,6,0,0,1,3,3,3,2,2,3,8,0,1
98,3,4,4,2,5,2,3,6,2,1,1,2,2,3,3,0,4,0,1,2
99,2,3,2,5,2,2,1,8,0,4,2,4,5,5,3,1,2,0,2,3
100,1,0,2,2,3,4,2,3,3,3,1,2,0,0,0,3,5,2,5,4
101,1,1,1,1,5,2,7,0,4,4,5,4,2,4,0,0,1,6,3,2
102,3,1,3,2,3,0,1,7,1,2,1,8,3,2,6,0,4,0,0,1
103,1,2,1,4,3,1,3,3,1,0,3,3,3,6,7,0,0,2,6,3
104,3,0,4,1,4,1,3,2,1,3,5,6,2,3,5,1,3,1,3,0
105,2,2,5,3,4,0,3,3,1,1,2,3,4,3,2,2,2,3,4,0
106,0,0,2,2,3,2,7,7,0,1,5,4,5,3,4,1,5,4,1,0
107,1,0,2,3,6,0,5,3,0,0,2,5,5,2,3,1,4,1,0,2
108,2,3,4,1,3,4,1,3,5,5,2,2,0,3,5,1,2,1,2,3
109,2,0,1,1,6,1,4,3,1,0,2,5,1,2,6,2,1,3,1,0
110,3,2,4,1,1,1,1,2,2,4,0,2,1,2,0,2,2,3,0,1
111,2,2,2,2,3,0,2,4,1,0,0,5,4,6,4,2,1,0,3,0
112,0,1,1,1,5,1,1,5,1,5,4,5,4,6,2,0,4,0,2,2
113,4,0,1,4,3,1,5,8,2,3,4,6,4,5,3,3,1,0,4,0
114,2,4,2,7,4,4,1,3,3,3,3,4,2,5,1,3,2,3,4,2
115,1,1,2,3,2,0,1,4,0,2,2,4,6,3,4,1,0,1,4,4
116,1,1,6,6,6,0,1,2,0,2,4,4,4,2,1,0,4,1,1,0
117,2,3,2,6,2,3,4,2,0,1,4,5,6,7,3,0,1,0,0,1
118,0,2,2,2,5,0,3,6,0,1,6,3,3,4,6,0,2,2,0,3
119,0,1,2,5,2,0,6,12,1,2,4,1,5,2,0,1,1,1,1,0
120,0,1,0,2,0,1,3,6,0,0,4,4,7,1,4,1,3,3,0,0
121,1,2,0,8,1,1,3,5,2,3,4,3,5,4,5,2,1,0,5,4
122,3,0,4,1,2,1,2,5,1,0,3,3,10,2,3,2,3,4,3,1
123,1,1,4,5,3,1,7,2,2,1,1,1,4,1,2,0,2,0,4,3
124,3,1,3,2,5,1,1,4,5,4,3,2,1,2,3,0,5,3,2,2
125,2,1,3,4,5,2,3,4,0,5,1,2,4,2,3,1,4,2,4,2
126,1,0,6,3,2,0,0,4,1,6,3,5,6,2,5,1,1,0,1,2
127,1,1,1,8,1,0,5,3,2,1,8,3,3,4,6,1,1,0,0,3
128,3,0,4,0,5,0,9,7,1,0,3,3,5,3,2,1,5,2,0,0
129,1,3,0,8,3,1,0,7,2,2,1,1,6,3,9,0,3,0,7,2
130,0,1,0,4,4,2,6,8,1,1,9,3,6,6,5,3,4,0,2,1
131,1,1,5,5,2,2,4,4,0,1,1,6,2,6,5,2,5,1,2,2
132,1,0,1,1,1,0,4,10,3,2,4,1,4,2,4,0,2,1,5,5
133,2,3,3,1,4,0,1,3,4,2,1,4,2,1,5,0,1,1,1,2
134,3,3,2,2,4,3,2,5,2,1,2,5,1,4,4,3,3,1,0,3
135,2,2,3,1,2,1,1,8,0,4,4,3,3,2,6,0,3,1,1,1
136,1,2,2,4,4,0,4,6,0,4,3,2,5,1,0,0,3,0,0,2
137,2,3,1,1,5,4,2,3,0,2,3,3,4,2,3,0,2,4,5,1
138,0,1,2,6,3,0,5,6,2,2,3,5,3,6,5,2,4,2,1,1
139,2,2,2,4,2,0,3,5,1,1,1,4,10,5,0,0,3,0,1,0
140,1,1,3,2,4,3,6,1,0,2,0,5,1,4,2,2,2,2,4,0
141,1,1,1,2,4,2,5,5,1,0,5,3,6,5,4,0,4,0,1,2
142,2,1,3,2,6,0,6,7,0,0,7,2,6,1,8,3,3,4,0,1
143,1,0,2,1,2,0,4,1,4,4,4,2,4,2,1,2,4,0,3,3
144,0,4,1,7,3,1,0,5,1,3,3,4,3,6,4,1,2,1,5,1
145,0,1,2,3,2,2,2,6,0,4,4,3,2,6,5,0,0,0,1,1
146,1,1,2,1,6,2,5,4,1,2,3,5,5,1,4,3,3,0,2,2
147,0,1,1,6,0,2,0,9,0,2,1,3,6,5,4,0,0,0,1,0
148,2,1,2,4,5,0,1,4,1,2,4,3,6,2,4,0,0,0,6,2
149,2,3,2,0,1,1,3,0,3,1,0,3,3,0,1,1,0,2,5,1
150,1,4,4,0,2,3,6,7,0,4,3,3,7,6,3,1,3,1,3,3
151,2,3,2,5,3,4,1,1,4,1,4,1,1,3,3,3,3,2,3,6
152,0,1,6,7,3,1,0,3,1,4,2,3,3,6,7,0,1,1,5,3
153,3,1,4,3,3,0,5,7,1,0,3,3,6,1,3,4,4,2,1,2
154,0,0,4,5,1,1,0,4,1,5,3,3,6,4,4,1,3,1,2,1
155,3,0,4,0,2,0,6,2,1,0,6,6,3,1,2,2,0,1,0,0
156,2,2,3,5,4,3,2,6,3,1,4,5,5,2,2,0,1,0,4,0
157,3,1,3,1,4,0,5,2,0,1,2,8,7,2,1,3,1,1,0,0
158,3,1,6,1,8,0,6,3,0,2,3,2,5,2,1,1,6,11,1,1
159,1,2,2,5,4,1,6,6,0,0,1,10,5,3,6,1,2,1,5,2
160,3,1,3,3,3,1,2,4,0,0,5,4,4,5,4,1,1,2,1,2
161,3,2,4,2,5,0,1,9,1,1,1,5,6,2,4,0,1,1,2,6
162,0,2,2,9,3,0,1,7,0,3,2,3,4,4,5,1,1,2,1,1
163,1,3,1,1,1,0,4,1,2,0,7,9,9,2,3,1,0,2,2,2
164,0,1,0,5,5,0,0,6,0,0,5,6,3,4,4,0,3,0,3,2
165,1,2,3,0,3,0,7,8,0,1,2,2,3,2,1,0,5,5,1,0
166,2,3,2,5,1,1,2,4,4,3,1,5,2,2,3,2,5,2,4,1
167,3,0,3,2,1,0,1,3,0,0,5,2,5,4,1,1,6,1,1,1
168,1,1,4,4,1,5,2,4,0,4,2,2,1,3,1,0,2,3,5,2
169,3,0,5,3,4,1,2,7,0,3,4,4,7,0,3,2,3,0,5,3
170,1,1,10,4,5,0,2,6,0,1,5,2,4,1,4,2,2,4,0,0
171,1,1,1,2,3,0,1,1,1,3,1,3,12,5,7,0,1,0,3,1
172,0,1,2,2,2,1,4,2,1,1,1,1,2,1,6,0,3,4,1,2
173,6,1,2,0,4,0,3,3,3,3,1,4,2,1,2,3,1,7,1,3
174,2,4,4,3,1,0,5,4,0,1,4,3,8,2,4,1,4,3,1,2
175,2,1,2,4,1,0,5,4,0,1,3,3,3,5,5,2,3,1,1,0
176,2,3,4,4,1,0,4,2,0,3,1,4,3,1,1,3,4,1,1,2
177,0,2,0,3,6,0,2,3,0,1,5,8,12,3,3,0,2,1,0,3
178,3,2,5,2,5,3,3,4,3,2,2,1,2,6,1,1,4,2,4,2
179,2,0,3,2,6,0,3,4,0,3,2,6,4,2,2,0,5,2,3,0
180,2,2,4,1,1,2,3,5,1,3,3,1,7,2,1,0,3,1,0,2
181,2,3,2,4,2,5,2,3,3,2,2,0,0,2,0,3,2,3,2,5
182,1,3,4,1,4,3,7,4,1,3,2,3,6,1,2,1,3,3,3,3
183,1,1,2,6,1,1,2,6,4,1,4,4,7,4,5,0,1,0,3,4
184,0,1,2,1,4,1,6,4,0,3,4,6,4,6,4,0,2,0,2,0
185,4,2,2,1,0,0,3,3,0,0,1,5,5,1,4,3,3,5,1,1
186,1,2,3,2,6,1,4,7,1,0,3,4,2,3,5,2,2,1,1,2
187,0,0,5,0,2,0,7,2,0,0,5,4,3,2,3,1,2,3,2,1
188,3,2,3,3,7,1,7,3,0,1,4,4,7,1,3,3,2,0,1,1
189,5,0,3,2,2,0,6,1,4,3,2,1,3,2,2,2,2,4,5,4
190,1,1,3,1,1,0,1,0,0,1,3,5,5,4,4,0,3,3,2,0
191,2,2,2,3,3,5,3,4,3,8,2,2,3,1,2,0,1,3,3,0
192,3,3,3,1,6,3,3,6,4,3,2,2,3,3,2,2,2,0,3,1
193,1,2,1,2,3,1,3,2,1,1,3,7,6,3,5,1,3,2,1,2
194,2,1,4,0,4,2,3,0,1,0,5,3,6,4,4,1,4,1,0,0
195,1,2,4,3,1,1,1,3,1,2,4,9,8,4,2,1,1,0,2,3
196,0,1,7,2,3,3,3,2,0,0,2,1,3,3,4,1,0,1,3,0
197,1,4,2,4,5,2,0,1,1,2,2,1,1,2,2,2,0,2,4,3
198,0,0,4,2,5,1,5,2,3,2,1,4,3,1,2,2,2,5,1,5
199,1,0,2,3,0,2,0,7,0,1,3,3,7,2,3,0,1,0,3,1
200,4,2,3,2,4,1,3,2,3,4,2,2,5,2,5,0,2,2,2,1
201,0,2,6,2,3,2,2,6,6,1,3,2,4,1,6,1,4,6,2,1
202,1,1,2,2,1,1,3,3,1,3,6,6,5,4,7,0,0,1,1,1
203,2,1,2,5,0,1,0,5,1,3,8,4,4,5,6,1,1,0,4,3
204,2,0,3,1,4,1,5,2,0,1,4,4,5,3,4,1,3,1,0,2
205,1,0,2,3,0,0,4,6,0,0,3,9,5,1,2,2,1,1,2,3
206,1,1,2,2,2,3,4,3,3,2,1,2,1,4,3,3,1,1,0,1
207,1,0,3,6,5,4,3,5,3,2,2,2,5,3,2,0,1,1,3,0
208,1,2,1,1,3,2,5,1,2,0,6,2,6,1,2,1,2,3,2,0
209,0,4,2,3,4,0,4,4,0,3,4,3,5,4,5,2,1,0,2,1
210,1,0,2,2,2,1,3,2,0,2,2,8,9,4,3,0,0,1,1,1
211,0,1,4,2,3,2,7,4,3,3,7,2,4,1,1,0,2,2,2,2
212,0,1,8,1,5,2,1,2,2,3,5,1,5,3,2,0,5,1,2,2
213,1,1,2,2,4,1,5,4,1,0,2,5,3,3,3,1,6,2,1,3
214,2,3,3,4,1,1,1,7,0,2,1,7,4,1,4,2,1,0,7,4
215,1,0,2,3,2,0,3,5,0,0,3,4,3,3,5,0,1,0,3,2
216,4,2,1,1,2,0,1,6,2,4,6,2,3,2,1,3,1,2,1,2
217,1,3,1,2,2,0,2,3,2,1,3,2,2,0,1,0,2,2,2,2
218,1,2,2,2,3,1,1,8,0,0,5,1,8,2,0,1,4,0,3,2
219,1,2,1,4,5,0,6,3,0,2,3,7,3,4,3,0,1,0,2,1
220,2,1,4,3,5,4,1,9,1,6,3,7,4,3,4,1,0,0,5,5
221,2,2,3,2,4,3,4,0,2,0,8,2,5,1,4,1,3,2,4,4
222,1,2,3,5,2,2,2,3,4,2,2,0,2,2,3,5,3,2,5,3
223,1,0,3,0,2,0,5,7,0,0,2,5,4,3,4,2,5,6,0,1
224,1,0,0,4,4,0,4,7,0,1,1,3,4,2,2,2,3,3,4,0
225,1,1,4,3,4,0,4,0,0,2,1,3,5,3,7,1,5,1,4,1
226,0,3,3,1,1,2,2,2,0,3,2,2,4,1,7,0,0,1,2,1
227,0,0,3,2,7,0,8,3,1,1,4,4,5,2,4,0,1,2,1,2
228,0,2,3,9,3,3,0,3,1,2,1,3,7,2,8,0,0,3,2,3
229,2,0,2,4,1,1,4,4,0,0,1,3,2,2,5,0,2,1,0,0
230,4,1,3,2,2,3,3,0,2,5,3,2,1,1,1,1,3,2,0,3
231,4,1,2,3,2,0,8,4,0,3,6,5,4,4,2,1,3,2,4,1
232,0,1,1,2,1,0,7,6,2,1,4,1,4,3,4,3,1,1,2,0
233,0,1,2,4,3,1,4,5,0,1,4,2,4,3,5,0,1,1,0,2
234,2,2,1,2,1,1,3,3,3,5,4,1,5,2,2,2,4,1,2,2
235,4,3,6,3,3,1,5,1,1,2,1,2,5,2,3,4,1,2,4,0
236,4,2,2,0,1,4,4,3,2,1,3,3,3,3,3,6,3,3,2,3
237,1,1,2,3,2,0,6,9,1,5,2,3,3,3,4,2,1,0,5,0
238,0,2,4,3,4,0,0,4,0,1,1,4,3,5,5,2,1,0,5,0
239,0,0,3,3,4,1,2,4,0,6,3,1,3,1,1,1,0,3,1,3
240,2,0,2,4,4,0,4,1,0,1,4,6,6,3,5,1,1,3,2,1
241,0,1,4,0,3,0,5,6,0,1,0,5,7,3,2,1,2,3,2,0
242,1,2,0,1,5,1,4,12,2,0,2,6,6,2,3,0,3,1,1,0
243,0,3,5,3,2,1,2,3,3,2,6,7,4,3,5,2,0,1,4,1
244,1,2,2,1,2,1,1,1,0,2,1,2,5,0,3,2,2,2,3,1
245,3,1,4,1,1,1,2,4,1,0,3,1,7,2,4,1,2,2,2,3
246,2,0,1,6,2,1,2,8,0,1,2,3,3,3,2,0,4,2,1,1
247,3,1,6,1,12,0,5,4,1,1,2,5,4,2,2,1,4,0,1,0
248,2,1,2,4,0,1,1,4,2,4,3,4,6,5,5,0,1,0,4,1
249,1,1,3,3,6,0,5,5,0,2,4,6,3,2,4,0,3,4,1,1
250,3,2,3,1,1,4,6,2,2,4,3,2,0,3,3,5,5,4,7,0
251,1,1,1,1,1,1,2,6,0,2,1,5,4,4,2,1,1,2,4,1
252,0,4,2,3,2,6,4,3,0,3,4,1,3,2,3,1,1,1,3,3
253,1,2,1,1,1,2,4,5,1,1,2,3,7,2,8,0,0,1,0,1
254,2,1,0,5,2,0,3,4,1,3,5,5,7,6,2,0,1,1,1,3
255,1,2,3,4,3,2,3,3,1,1,5,3,6,3,3,1,2,3,0,2
256,0,1,4,0,2,1,7,6,2,2,4,2,4,6,4,1,3,1,1,2
257,3,4,4,2,3,4,1,4,4,2,3,2,7,1,1,3,3,2,2,2
258,1,0,0,2,0,2,5,10,0,0,3,3,4,0,7,0,0,0,4,2
259,0,2,1,5,1,0,2,7,1,4,6,1,3,2,4,2,2,1,4,4
260,1,0,4,1,2,0,5,7,0,0,2,4,5,2,6,0,2,2,3,1
261,1,1,5,4,3,1,1,3,0,0,4,5,5,3,5,2,3,0,5,0
262,2,1,1,6,4,4,5,3,1,1,2,4,3,5,8,0,3,2,0,1
263,0,1,1,3,3,2,8,7,3,2,4,2,4,2,4,0,1,0,3,0
264,1,3,1,4,5,2,5,4,1,5,3,2,5,7,1,2,0,1,4,4
265,3,4,5,0,5,4,1,6,0,3,0,4,2,2,1,0,3,2,3,5
266,1,3,2,4,3,1,0,2,1,2,0,5,5,1,6,1,1,0,3,2
267,1,3,0,4,5,1,0,5,0,0,4,6,4,4,6,1,1,0,2,2
268,0,2,3,2,3,3,4,4,3,0,1,0,3,0,2,2,2,1,4,5
269,3,1,2,6,4,1,2,2,1,3,3,2,4,0,0,2,3,2,2,1
270,1,3,4,3,4,3,5,3,3,5,3,1,4,1,3,0,2,1,2,3
271,1,1,2,1,2,3,3,8,0,1,2,3,6,3,7,1,0,1,4,1
272,0,2,6,0,0,1,6,1,3,2,5,4,5,3,2,4,4,2,5,4
273,1,2,6,6,5,1,2,4,0,0,3,4,5,5,6,0,2,1,3,1
274,1,4,2,7,1,0,0,5,0,4,0,3,9,4,4,2,0,2,7,3
275,1,0,3,2,2,1,5,5,2,3,6,6,5,2,6,1,0,1,3,1
276,2,1,2,0,1,0,5,4,5,1,1,4,5,1,3,0,2,0,2,1
277,3,2,0,8,4,2,5,3,4,1,3,1,0,1,0,3,7,4,1,4
278,3,1,2,2,3,1,3,4,3,1,3,3,1,1,1,1,2,3,1,3
279,0,2,2,4,3,1,2,4,1,3,3,4,1,3,1,0,0,2,6,4
280,0,3,1,3,4,0,2,3,0,1,2,3,1,4,4,1,1,0,4,4
281,2,0,3,0,5,1,6,6,2,0,0,2,6,1,3,0,5,3,0,0
282,4,2,5,1,2,0,5,2,4,2,5,1,2,3,3,4,3,2,1,0
283,2,1,1,2,7,1,7,3,0,1,2,3,4,2,3,2,4,0,1,1
284,2,2,3,4,2,2,2,2,0,1,1,5,5,6,3,0,0,0,4,2
285,1,2,6,2,3,3,3,7,2,2,1,3,1,2,4,6,1,3,4,3
286,0,0,5,3,5,0,2,4,0,2,3,4,6,4,2,1,4,2,0,2
287,3,3,4,3,3,2,1,2,2,3,3,5,6,2,2,2,2,0,3,2
288,1,3,1,3,3,0,1,5,2,1,2,1,5,4,2,1,1,1,2,1
289,3,1,3,3,3,2,3,3,5,5,2,3,1,4,4,3,3,0,1,3
290,0,3,2,7,0,2,4,4,0,0,4,3,5,5,4,1,0,0,4,1
291,2,1,4,7,2,1,3,4,1,0,3,1,2,5,4,0,6,0,2,1
292,3,0,2,3,5,0,7,3,2,5,1,3,1,2,1,0,1,2,1,2
293,2,2,2,0,2,4,4,3,4,1,3,6,5,1,3,0,1,3,4,0
294,2,1,2,5,2,1,1,5,0,3,4,7,7,4,3,1,2,1,0,3
295,1,2,1,2,2,0,6,2,1,1,4,3,4,1,3,4,1,0,2,2
296,5,0,6,2,0,0,1,5,4,4,4,7,3,5,2,0,2,1,2,0
297,4,1,0,5,3,2,5,3,3,1,1,5,5,1,3,3,3,1,1,2
298,3,6,0,5,0,0,5,2,1,6,3,6,7,3,4,0,3,0,0,1
299,3,3,2,7,1,2,0,4,1,1,2,5,7,5,4,2,1,0,1,1
300,0,0,1,7,2,1,0,4,2,0,4,2,5,3,5,0,0,0,3,4
301,0,3,2,2,2,2,6,5,1,2,2,7,5,2,2,2,1,2,2,1
302,0,0,2,7,0,1,0,2,1,2,4,1,5,3,8,1,2,0,2,0
303,3,1,3,1,3,4,4,2,1,5,3,4,3,1,3,0,2,3,3,5
304,1,1,3,2,2,2,7,3,2,1,2,2,8,2,3,0,1,2,2,1
305,2,1,3,2,1,0,3,7,1,1,5,6,5,1,2,1,1,4,3,1
306,3,0,0,1,2,0,3,5,0,0,3,4,9,4,2,2,3,3,1,3
307,2,5,4,2,2,3,6,7,3,3,0,6,3,2,5,0,4,2,4,1
308,1,3,5,0,2,0,1,2,3,4,3,3,0,2,3,1,1,2,2,4
309,2,1,4,2,2,0,4,4,1,1,5,4,5,1,6,2,4,2,1,1
310,1,1,3,2,5,1,3,3,2,1,3,4,5,2,4,0,2,3,2,2
311,5,1,3,6,1,3,2,6,0,3,5,3,6,1,5,1,6,1,1,2
312,0,3,0,2,2,0,7,2,0,0,4,8,2,2,2,0,3,0,2,5
313,3,2,3,4,5,0,4,7,0,2,2,1,8,3,2,1,5,1,0,1
314,0,2,2,6,3,1,1,6,1,1,3,3,1,3,6,0,1,3,5,1
315,0,0,1,1,0,0,8,2,0,0,2,7,2,3,5,2,3,1,3,1
316,2,1,2,2,7,2,8,4,1,1,5,4,7,2,3,1,3,4,2,1
317,0,1,3,4,5,2,6,2,4,2,4,4,6,2,1,1,1,2,5,4
318,3,0,3,0,0,0,4,2,0,0,5,9,2,3,5,1,6,1,3,0
319,2,1,3,4,0,2,0,3,0,2,1,2,4,4,0,0,0,0,4,2
320,1,0,3,0,2,0,5,4,1,2,4,3,5,3,3,1,5,3,2,1
321,0,1,2,5,4,0,3,3,0,1,4,7,8,8,7,1,1,0,0,3
322,0,1,0,1,3,2,3,3,1,2,4,4,2,3,2,0,2,1,3,2
323,0,2,2,4,2,2,1,4,1,4,1,3,9,9,4,0,1,0,0,1
324,4,0,3,3,2,0,1,4,1,1,2,3,4,1,1,1,5,0,2,1
325,1,4,3,2,1,0,2,4,0,2,4,5,5,6,6,1,1,1,3,4
326,3,1,3,1,2,3,2,1,2,2,3,2,6,2,5,2,2,3,1,1
327,0,3,0,2,2,1,2,7,0,1,3,5,3,4,1,0,3,0,3,7
328,1,0,2,0,3,0,0,1,3,1,2,4,7,2,3,1,1,0,2,0
329,1,1,4,4,1,0,5,3,1,2,5,1,5,3,8,1,6,0,1,1
330,1,1,2,7,4,0,4,4,1,0,2,5,7,3,2,1,4,3,4,1
331,2,3,1,6,2,1,4,8,1,3,3,5,7,6,4,0,2,0,2,3
332,1,1,2,1,6,2,5,2,1,2,3,1,7,3,1,1,3,5,3,1
333,0,1,1,3,1,1,2,6,1,4,2,4,9,4,9,1,4,0,6,5
334,1,1,6,4,3,1,6,7,0,0,4,1,6,4,5,0,3,1,1,1
335,0,2,3,5,3,0,0,5,1,1,3,6,3,5,6,2,3,0,5,2
336,0,2,2,7,4,0,4,6,1,2,3,5,4,2,3,1,1,1,4,0
337,1,1,3,5,2,1,3,3,4,1,2,3,7,1,1,1,4,4,6,3
338,0,3,2,2,1,2,1,4,2,2,0,6,4,5,3,1,1,0,2,1
339,1,2,2,4,3,1,2,6,0,2,9,5,1,1,2,0,3,0,3,4
340,4,3,2,3,4,1,9,4,0,1,2,5,7,3,4,1,4,1,2,0
341,1,0,5,1,4,2,3,1,3,4,3,5,6,5,3,2,3,0,1,4
342,2,1,2,3,2,1,3,4,1,2,6,8,5,3,4,0,4,2,2,2
343,2,0,4,2,1,1,4,2,4,3,1,2,4,3,2,2,2,3,1,2
344,5,5,4,1,3,5,1,4,3,2,4,3,3,0,1,3,1,4,1,1
345,1,1,1,1,2,0,3,5,0,1,8,6,7,6,3,1,1,1,3,2
346,2,6,2,0,6,1,3,3,3,4,2,2,3,0,6,1,3,4,3,2
347,3,1,1,5,2,0,2,3,0,2,3,2,3,5,4,0,1,2,2,1
348,1,3,2,4,5,2,4,2,1,2,2,3,4,5,4,0,3,2,2,2
349,1,1,2,4,4,0,3,5,0,1,5,6,3,6,5,2,2,3,3,1
350,1,4,1,3,5,1,5,2,1,2,3,1,7,1,6,1,1,0,0,1
351,0,2,2,0,3,5,5,2,3,0,1,2,4,7,2,1,3,2,1,3
352,1,2,1,1,3,0,3,7,0,1,2,6,3,4,2,3,5,2,1,3
353,2,0,6,0,2,2,4,6,0,1,6,3,4,1,2,4,5,1,0,2
354,3,4,3,4,1,4,3,2,4,4,1,3,6,5,4,0,3,0,1,2
355,1,2,0,2,2,2,2,6,1,1,4,2,7,7,2,4,1,2,5,2
356,0,2,2,3,2,1,0,6,0,0,4,2,7,8,7,0,0,1,4,1
357,2,3,3,2,2,4,2,1,2,3,1,5,0,0,3,0,3,5,5,4
358,2,1,1,3,1,0,3,1,1,0,5,4,6,4,3,2,1,0,1,1
359,5,3,6,2,2,4,2,2,2,0,3,5,1,3,2,3,2,1,2,2
360,0,4,2,2,5,0,2,4,2,3,2,4,4,1,4,1,0,2,4,2
361,0,1,1,4,8,2,1,4,1,0,3,4,4,5,4,3,3,0,0,1
362,2,0,3,2,3,2,2,1,2,1,3,3,2,0,0,4,2,3,3,4
363,0,2,3,1,2,0,3,8,1,2,4,4,1,1,8,1,2,2,2,3
364,2,1,4,0,1,0,10,6,1,0,0,4,2,1,1,2,2,3,1,0
365,0,3,1,1,5,1,4,5,1,1,1,3,4,6,4,0,3,1,2,0
366,2,1,3,2,5,0,8,6,1,0,2,3,6,3,1,2,6,3,0,1
367,1,0,3,2,3,0,8,4,0,0,2,3,4,2,3,3,3,4,2,3
368,3,2,4,1,7,2,1,4,3,4,3,3,7,2,4,1,2,2,8,1
369,1,2,1,5,2,0,6,6,0,1,2,5,3,4,3,2,4,1,3,0
370,3,3,3,3,2,2,2,0,2,9,1,1,5,5,3,1,3,4,2,3
371,2,2,5,3,3,0,10,4,0,2,2,7,7,1,1,4,5,1,0,1
372,0,2,2,3,0,0,6,4,1,1,1,7,5,6,1,1,2,1,3,3
373,1,1,5,3,4,0,3,2,1,2,3,4,4,2,4,1,3,2,2,1
374,1,3,4,2,3,3,3,4,2,2,2,1,4,3,4,1,2,2,6,1
375,1,1,0,2,4,0,2,2,0,4,4,4,5,4,8,2,3,1,3,2
376,5,4,1,2,5,3,3,8,1,2,3,5,0,3,8,0,3,1,1,3
377,1,3,6,4,4,1,9,11,0,0,4,4,3,4,5,2,1,1,1,2
378,0,1,1,6,2,2,6,1,1,3,3,4,3,3,4,2,6,2,1,1
379,0,3,5,2,4,0,2,9,0,1,3,6,2,1,5,5,4,2,0,0
380,1,6,0,1,2,4,3,5,1,0,3,1,4,2,3,2,1,1,2,3
381,1,3,6,4,3,1,4,2,1,2,0,1,2,0,1,2,4,3,1,3
382,2,1,3,1,4,2,3,6,0,2,4,4,8,2,2,0,3,1,1,1
383,1,0,4,3,5,2,3,2,3,5,3,2,4,1,5,1,2,2,2,2
384,0,0,5,3,3,1,6,4,1,2,3,4,4,2,0,0,1,0,2,3
385,4,3,3,3,2,2,3,1,3,2,5,2,1,0,3,2,4,0,2,0
386,5,6,3,0,2,4,3,7,1,1,1,2,6,0,2,4,3,2,0,2
387,0,3,2,3,0,2,1,6,2,0,1,3,11,2,11,0,0,1,1,3
388,1,0,2,2,7,1,8,1,2,0,1,3,2,1,1,1,4,2,0,1
389,1,4,4,2,4,2,2,5,0,5,4,0,3,2,2,0,2,1,6,3
390,2,3,6,4,1,1,3,3,0,0,3,2,2,4,5,1,1,1,1,2
391,5,1,7,4,3,1,7,7,0,1,4,3,2,2,4,2,10,1,0,0
392,2,1,3,4,3,0,5,8,2,0,0,6,8,2,1,2,3,1,0,3
393,1,1,5,2,0,3,3,5,5,4,2,3,4,2,3,0,2,3,1,3
394,0,0,3,3,4,1,1,4,0,1,6,2,5,0,9,0,3,3,4,2
395,1,1,2,5,7,1,4,9,2,2,1,3,4,0,7,1,2,3,1,0
396,5,0,0,3,3,0,4,5,0,2,8,3,9,2,7,1,2,1,0,1
397,1,4,1,0,6,3,4,6,2,2,2,2,6,1,3,1,2,1,2,1
398,2,2,4,8,3,0,0,3,2,5,3,7,7,3,4,2,3,0,5,1
399,1,0,5,3,4,0,2,4,0,0,7,7,4,1,4,2,2,0,5,0
400,0,0,5,5,7,1,4,4,1,2,3,4,2,6,2,2,0,3,1,2
401,3,1,7,3,2,0,4,7,0,2,6,5,5,1,5,4,1,3,2,2
402,1,2,1,0,5,1,6,3,0,0,3,7,2,1,3,4,6,3,2,0
403,2,1,3,2,1,0,6,6,0,1,4,4,3,0,4,3,5,1,2,3
404,0,1,2,6,5,0,7,4,1,3,2,6,4,3,0,2,4,0,0,1
405,2,0,4,1,6,3,6,0,1,2,2,5,2,3,0,2,3,7,2,0
406,3,2,2,3,4,1,2,5,0,0,5,7,3,1,2,0,2,1,0,3
407,2,1,0,0,5,0,4,5,0,1,3,3,3,2,4,0,4,0,1,1
408,0,0,2,4,4,1,4,7,0,3,6,2,2,1,3,0,0,2,0,0
409,5,2,2,1,0,3,1,0,5,3,2,3,3,3,3,2,3,3,2,4
410,1,2,1,7,1,0,2,8,1,3,7,2,6,3,4,2,2,0,2,4
411,0,1,0,2,3,0,2,5,1,1,5,5,5,0,5,5,3,0,3,2
412,2,2,5,3,8,4,2,4,0,2,0,1,2,3,3,1,2,0,2,3
413,0,3,3,3,0,5,5,1,0,5,6,1,5,0,3,0,4,2,4,1
414,4,3,2,4,2,0,1,9,0,4,6,3,5,3,7,0,0,0,3,1
415,2,2,2,3,2,1,1,1,5,2,1,2,2,4,4,1,2,2,10,3
416,1,2,0,4,6,1,1,5,1,2,3,7,2,2,3,3,0,2,4,5
417,3,2,1,0,4,0,7,7,1,2,4,0,6,2,3,4,5,4,5,1
418,3,0,3,2,3,0,9,8,0,0,5,4,4,1,2,0,8,6,0,0
419,0,1,2,1,2,2,7,7,0,1,2,0,5,3,2,0,5,3,1,1
420,1,4,1,5,3,0,3,2,1,4,4,4,7,5,5,0,3,0,5,1
421,2,0,1,2,5,5,7,2,3,0,1,2,2,0,2,1,7,1,3,1
422,7,4,2,3,1,1,1,1,1,1,1,3,3,2,3,0,7,2,1,3
423,1,4,5,2,2,3,2,6,0,2,3,4,3,2,3,0,1,1,3,1
424,6,4,1,1,2,1,0,2,3,4,1,4,1,0,4,2,4,2,2,4
425,4,1,1,3,3,1,6,7,0,0,1,1,6,2,2,0,3,6,0,0
426,0,2,6,0,5,0,4,5,0,0,1,4,5,1,2,1,5,4,1,2
427,6,5,3,6,3,5,4,3,7,1,1,0,6,2,4,4,3,3,3,1
428,1,0,0,5,2,3,7,5,3,3,5,4,3,2,4,1,2,2,1,1
429,2,4,1,0,3,1,4,2,0,2,6,6,2,3,4,0,4,4,5,1
430,0,3,0,3,6,1,3,9,0,1,2,6,3,4,6,0,5,0,3,2
431,2,3,3,1,3,0,1,5,1,0,3,3,5,3,6,1,2,1,1,3
432,0,1,4,3,4,0,1,4,1,1,2,3,9,4,5,1,1,1,6,0
433,0,1,2,4,2,1,0,8,0,2,5,4,7,1,7,0,0,0,2,2
434,0,2,1,1,2,2,3,0,1,2,3,9,4,6,1,1,3,0,4,0
435,3,1,4,1,2,1,1,6,2,2,4,1,4,1,6,0,2,3,2,2
436,1,1,2,2,1,3,0,6,3,2,3,4,4,6,6,0,2,0,1,1
437,1,2,0,1,2,1,1,5,2,2,4,1,4,1,5,0,2,4,4,3
438,1,1,2,3,1,0,0,7,0,1,7,3,5,4,5,0,1,0,3,4
439,1,1,5,2,5,1,4,3,2,1,2,2,5,1,3,0,2,3,0,2
440,2,1,1,2,6,0,3,5,1,2,3,1,5,3,4,1,2,2,4,1
441,1,3,3,2,3,0,4,2,1,1,1,1,7,3,3,0,2,3,0,0
442,0,0,4,1,2,3,2,4,0,4,4,3,9,2,3,1,2,4,2,3
443,0,2,2,3,3,1,6,7,0,2,8,3,4,2,4,0,3,2,0,1
444,0,1,1,5,2,1,2,7,0,1,3,4,1,4,3,0,2,1,4,1
445,0,3,1,7,3,0,0,5,0,7,6,4,4,4,6,1,0,0,8,3
446,1,0,2,3,3,3,2,7,0,1,3,2,1,0,2,1,1,3,1,1
447,0,2,3,9,6,0,1,4,1,3,2,6,7,2,1,2,1,2,2,1
448,0,1,3,3,2,0,7,3,0,0,4,4,8,2,3,2,3,1,0,0
449,1,2,0,0,3,2,3,4,5,2,1,3,4,2,1,6,2,0,4,2
450,0,3,1,3,1,0,2,7,1,1,9,4,9,6,4,0,1,0,4,2
451,1,1,1,1,3,3,2,1,0,2,2,1,3,1,0,0,3,2,3,3
452,0,0,1,2,1,1,0,4,0,3,3,6,5,4,8,1,1,0,3,3
453,2,0,2,4,5,1,2,2,2,1,3,2,2,2,1,3,5,7,4,4
454,2,4,4,4,1,1,5,3,0,0,5,5,2,4,2,3,6,4,1,0
455,0,1,3,3,2,3,4,2,3,2,6,4,4,1,4,1,0,0,3,1
456,2,2,2,1,3,0,5,4,1,0,4,6,5,6,3,3,4,2,3,4
457,3,1,2,2,2,2,6,7,0,1,3,4,6,1,3,2,5,3,1,0
458,3,3,6,1,2,0,4,0,1,2,4,3,3,1,3,1,3,3,1,0
459,3,2,3,3,4,5,3,2,2,1,2,2,5,1,3,2,2,1,3,1
460,3,2,0,3,6,1,6,3,1,2,3,1,2,2,7,1,4,0,3,1
461,3,0,8,0,8,0,6,5,1,1,5,4,4,1,1,0,4,2,0,2
462,3,0,3,1,4,0,5,5,1,0,2,5,1,2,2,4,3,4,2,2
463,0,0,4,4,0,0,2,7,0,3,7,6,4,6,6,0,1,0,7,0
464,2,0,2,1,4,2,2,6,2,1,3,3,7,2,3,0,1,2,1,2
465,1,1,6,0,1,4,0,7,0,1,6,3,2,1,1,2,3,2,0,0
466,3,2,1,3,5,2,6,1,0,2,5,5,4,2,5,0,0,1,4,4
467,1,2,8,2,2,1,2,6,0,1,1,6,5,0,4,0,4,1,0,1
468,2,2,1,2,7,3,7,1,3,3,1,3,3,1,3,1,1,3,2,0
469,3,1,1,2,0,1,1,2,1,2,1,5,2,2,2,2,2,1,1,3
470,5,4,4,4,1,1,1,2,4,1,4,2,1,2,5,2,5,2,3,0
471,1,1,4,6,4,2,2,4,1,1,3,2,2,3,2,2,4,2,2,3
472,0,2,1,4,0,1,0,3,0,3,4,6,10,1,4,1,0,0,2,0
473,1,1,4,1,1,2,3,1,1,8,2,5,5,3,1,1,2,1,2,0
474,5,0,1,3,2,1,6,7,0,0,6,3,3,6,5,2,3,1,2,0
475,2,3,1,7,3,3,5,6,1,1,3,4,7,2,8,1,1,1,1,3
476,3,2,2,0,3,2,1,2,2,2,4,2,5,2,5,1,1,4,2,3
477,1,0,2,0,6,2,6,3,0,0,1,4,6,0,2,1,3,3,1,1
478,2,2,6,2,3,4,7,3,4,1,4,2,2,2,3,4,3,1,5,1
479,0,3,1,2,1,3,2,1,2,3,5,3,3,5,6,0,1,2,3,1
480,1,0,5,1,4,1,3,10,0,0,1,9,2,3,0,1,1,2,3,0
481,1,2,3,3,3,2,8,4,0,2,4,2,4,1,2,2,2,2,0,1
482,2,2,2,4,1,1,1,2,0,1,5,3,6,3,6,2,7,3,2,0
483,0,2,2,4,6,1,5,10,1,1,1,7,2,4,3,1,1,0,2,2
484,0,4,4,7,3,0,3,7,1,2,2,3,7,5,4,1,2,1,4,1
485,3,2,1,5,3,4,5,4,3,3,6,2,7,0,4,6,2,1,1,5
486,1,0,3,2,6,2,9,1,0,2,7,4,3,2,0,2,2,1,0,0
487,1,4,3,3,2,0,4,2,2,3,2,2,2,2,4,1,3,2,1,1
488,1,1,2,4,5,0,8,3,0,0,3,4,5,3,3,2,4,1,2,1
489,3,1,4,3,4,0,1,6,0,2,3,2,4,3,3,1,0,3,1,0
490,2,4,2,4,2,1,0,3,0,1,0,9,6,6,2,2,0,0,2,2
491,1,1,2,3,4,3,3,5,2,2,5,2,9,1,1,1,2,0,2,2
492,2,2,1,1,5,2,5,8,0,1,1,5,4,2,1,0,3,6,0,1
493,0,0,4,2,3,1,3,4,2,2,1,3,6,3,4,0,1,4,3,6
494,2,1,6,1,3,4,2,2,1,3,1,7,3,5,4,0,3,2,3,4
495,1,0,2,5,3,0,2,4,3,2,4,3,8,2,5,0,1,0,5,2
496,0,1,0,2,3,0,8,4,2,0,4,3,6,2,2,1,1,3,2,2
497,2,0,4,4,3,4,4,2,3,3,3,3,6,1,2,2,2,4,1,4
498,3,5,1,1,4,1,1,4,0,1,1,5,2,1,3,5,3,4,2,1
499,1,3,4,2,1,1,2,2,3,5,5,2,2,1,2,2,4,1,3,5
500,1,1,3,0,2,1,4,7,1,4,5,6,3,1,3,0,1,2,0,2
501,1,0,0,4,2,0,1,3,0,3,5,7,3,3,3,2,2,0,2,5
502,2,1,7,1,1,0,9,6,0,1,4,10,8,1,1,0,3,2,5,2
503,0,2,6,4,5,3,5,7,2,4,3,3,6,1,4,1,2,1,5,2
504,3,2,3,2,0,1,0,4,1,2,1,6,4,3,2,0,0,0,6,3
505,2,3,6,3,4,3,1,2,2,1,0,3,2,0,2,3,3,0,1,3
506,1,0,1,3,4,1,2,6,1,1,5,4,4,2,3,0,6,0,0,2
507,1,0,4,1,3,2,4,6,4,2,0,2,2,2,2,3,3,1,2,1
508,2,2,0,3,4,4,3,1,4,3,1,4,0,4,2,2,1,1,4,1
509,1,3,1,7,0,1,1,5,0,2,1,6,4,3,4,0,2,0,5,1
510,2,3,2,3,2,3,1,3,3,1,1,1,3,1,3,4,4,6,3,1
511,2,1,2,2,2,4,6,3,3,2,5,3,5,2,5,1,1,3,3,3
512,0,5,1,7,3,1,3,1,0,1,5,4,6,3,4,0,1,0,2,5
513,0,2,7,2,1,0,4,2,3,4,0,3,8,2,2,0,3,3,1,2
514,0,1,5,0,3,0,5,6,0,0,1,3,5,1,1,3,2,0,0,0
515,0,1,0,3,2,3,4,7,1,2,3,4,3,5,10,1,0,0,7,5
516,3,1,2,3,3,3,4,4,0,6,1,2,2,4,0,4,1,4,2,4
517,1,2,3,6,0,0,1,3,0,3,2,7,4,3,3,1,0,1,1,1
518,1,1,2,2,5,4,1,3,2,2,2,3,7,1,1,2,1,1,3,4
519,2,0,5,2,6,1,6,7,0,1,7,3,4,3,0,1,3,3,0,0
520,0,1,2,4,3,1,3,4,0,0,6,4,4,6,7,0,0,1,4,4
521,0,2,2,5,2,1,3,5,2,1,4,3,5,4,5,1,0,3,5,3
522,1,6,3,3,4,2,3,2,3,2,0,4,3,3,4,3,1,2,4,2
523,1,4,2,6,4,3,5,3,3,2,2,5,1,1,4,1,5,1,3,1
524,0,2,1,3,2,0,2,4,0,1,5,2,2,6,3,1,1,0,3,3
525,1,3,0,4,0,3,3,4,3,3,3,3,0,3,3,4,2,3,2,2
526,2,0,2,1,5,1,5,7,0,0,7,6,5,3,2,1,4,1,0,0
527,3,3,0,1,2,2,2,5,2,8,3,2,3,1,3,1,2,1,1,3
528,0,0,0,4,5,2,3,1,0,1,1,6,5,1,4,2,2,0,1,1
529,1,1,2,2,4,3,1,1,2,4,3,4,3,1,2,0,2,2,2,5
530,0,2,3,3,2,1,2,7,0,1,3,7,4,3,2,1,1,1,2,0
531,0,2,0,3,0,0,1,4,0,1,7,3,2,3,4,1,0,1,4,7
532,5,0,6,2,3,7,1,3,4,5,3,0,1,2,3,2,1,0,5,1
533,1,0,0,1,5,0,0,5,1,0,7,0,4,3,2,1,7,1,0,1
534,1,1,2,1,1,3,2,6,1,2,4,3,0,1,3,1,1,2,2,2
535,1,2,1,0,3,1,5,7,0,4,1,3,6,1,2,1,1,2,1,2
536,2,2,4,3,1,1,1,7,1,1,4,3,4,4,7,0,1,1,0,3
537,4,3,4,4,3,2,2,2,0,2,2,8,5,5,2,2,1,2,2,0
538,1,4,1,3,3,1,2,6,0,0,5,7,3,2,4,1,2,4,2,2
539,4,1,2,2,1,1,1,2,1,2,4,3,3,1,2,3,2,1,1,0
540,1,2,3,1,1,1,1,4,0,1,5,2,6,3,5,0,5,3,1,1
541,0,1,4,2,4,3,2,6,1,1,3,2,6,2,8,1,1,1,0,1
542,1,0,6,2,4,3,2,1,1,7,2,2,3,2,2,0,5,1,2,2
543,0,2,0,3,4,1,0,4,1,3,1,6,6,2,7,0,0,0,3,1
544,1,1,1,3,5,3,6,8,1,1,2,1,5,2,5,1,5,0,2,5
545,2,3,0,3,4,2,0,11,1,3,2,7,8,4,2,1,2,0,5,2
546,0,3,0,0,0,3,3,1,2,3,3,3,3,3,4,0,2,3,3,2
547,2,0,3,2,8,1,4,5,1,1,7,4,2,2,5,1,9,1,1,0
548,0,0,2,2,2,2,1,5,2,3,6,3,6,1,3,1,6,5,2,1
549,1,1,2,3,0,2,1,6,1,0,2,3,7,6,5,0,1,0,7,5
550,6,6,5,2,5,3,3,1,3,5,7,2,2,3,1,2,1,3,1,5
551,0,2,4,1,2,0,4,8,0,2,5,6,4,1,5,3,4,3,3,3
552,1,3,5,5,4,0,1,9,0,2,2,3,6,3,4,2,2,1,2,1
553,3,0,3,7,2,2,3,7,1,2,6,2,6,2,3,0,2,3,1,2
554,1,2,2,5,5,0,2,4,1,3,2,3,9,3,1,0,1,0,5,2
555,1,1,4,0,6,1,2,1,1,0,2,6,2,4,1,3,4,1,0,1
556,1,3,2,2,2,2,1,3,0,4,7,4,4,3,8,1,0,0,3,1
557,3,1,5,0,3,0,5,8,0,1,3,1,1,0,3,1,5,3,0,1
558,2,1,2,2,4,0,4,3,1,0,1,6,7,1,6,2,1,2,1,2
559,1,3,2,3,2,0,1,5,1,3,2,6,3,5,5,0,2,0,5,2
560,0,1,2,3,3,3,2,4,0,3,5,3,7,3,6,0,3,1,3,3
561,4,3,2,3,3,1,1,2,2,4,1,1,2,3,3,2,0,0,2,3
562,1,2,2,5,3,1,2,3,0,1,5,4,2,3,1,2,3,1,2,2
563,2,3,2,1,2,2,1,1,2,2,1,3,1,3,2,2,3,4,2,2
564,0,2,4,0,4,2,3,3,0,0,3,3,3,4,1,2,3,5,1,0
565,0,3,3,2,5,3,2,6,3,5,3,2,3,1,3,0,1,3,1,5
566,2,2,3,2,3,0,5,5,0,1,4,5,6,2,5,0,7,1,1,0
567,2,4,4,2,1,2,0,5,0,2,3,3,3,4,0,1,0,0,5,4
568,2,0,4,0,6,0,5,7,0,0,2,2,7,0,2,3,4,2,1,0
569,1,1,5,2,2,0,3,4,1,0,0,4,2,3,4,0,3,1,1,4
570,1,0,2,2,2,3,6,3,8,5,5,5,4,1,3,1,2,2,1,1
571,0,1,4,5,2,0,0,8,0,2,3,1,12,4,2,1,0,0,2,1
572,2,0,1,5,3,2,6,7,0,2,2,4,5,3,7,0,2,1,2,1
573,0,4,6,1,2,0,1,9,0,0,4,2,7,1,3,0,3,0,1,1
574,0,3,3,4,1,2,3,5,0,1,2,4,5,3,8,0,2,0,1,1
575,3,2,2,4,3,1,4,1,3,1,2,3,5,2,1,2,2,4,4,4
576,1,2,3,6,1,0,0,3,0,1,1,9,5,4,5,0,0,0,3,3
577,2,2,1,4,2,1,3,3,1,0,7,3,1,5,7,0,0,0,3,0
578,1,2,3,1,2,1,3,5,0,1,4,3,3,7,5,1,2,1,2,1
579,2,4,6,3,4,0,2,5,0,1,4,8,3,3,4,2,3,4,2,0
580,0,0,5,2,1,4,3,1,4,1,1,3,3,2,0,0,3,2,2,0
581,1,3,1,4,3,0,4,8,1,2,0,3,1,2,3,2,0,3,1,0
582,1,1,2,1,2,0,3,4,0,2,2,4,4,3,2,0,4,2,3,2
583,1,4,5,2,2,1,4,3,2,0,0,2,6,2,5,0,2,3,5,1
584,3,2,1,0,4,3,3,6,4,3,3,1,2,3,1,4,1,3,2,1
585,1,2,4,1,3,1,4,4,1,2,5,2,3,2,5,1,0,2,1,4
586,0,2,3,7,1,1,2,4,0,2,5,5,4,4,4,1,1,0,2,0
587,4,1,1,3,0,4,6,2,3,2,5,2,1,3,3,2,3,0,2,2
588,1,1,2,1,1,0,3,4,2,0,2,4,6,4,3,3,4,5,1,2
589,1,5,7,1,5,5,4,3,2,2,2,6,8,2,7,0,6,1,2,5
590,0,2,3,6,1,2,0,6,1,1,5,5,6,3,2,0,0,0,2,2
591,3,1,3,2,2,0,4,6,1,1,3,2,3,7,2,0,2,0,4,2
592,3,3,2,0,0,5,3,4,5,1,2,4,3,0,2,3,3,1,3,3
593,1,1,5,2,4,0,6,7,0,0,4,2,4,0,0,2,4,3,0,0
594,0,1,1,4,1,0,0,4,0,1,5,4,6,4,4,0,1,2,3,4
595,2,1,5,2,4,1,7,3,0,0,3,7,5,0,3,3,5,0,0,0
596,5,1,2,1,4,2,1,4,1,2,0,5,3,2,2,5,0,3,3,3
597,0,5,5,3,3,1,6,4,5,4,2,3,4,0,5,1,2,1,2,2
598,1,2,1,6,2,0,2,6,0,2,2,5,4,4,6,0,1,0,1,1
599,1,2,4,2,1,1,6,6,0,2,1,7,5,3,2,0,3,1,0,2
600,2,1,1,3,3,1,2,1,1,1,4,4,5,3,2,2,0,1,1,1
601,1,4,1,3,0,1,2,3,2,1,1,3,3,3,0,2,1,2,0,2
602,0,2,5,2,3,3,5,3,2,3,5,2,6,1,4,2,2,2,5,3
603,0,3,2,0,1,1,6,7,1,0,6,4,6,0,0,1,4,3,4,1
604,0,2,2,2,4,2,2,1,1,4,4,1,5,0,4,0,3,2,3,2
605,2,2,4,2,5,1,3,4,1,1,1,3,6,1,4,0,3,0,1,2
606,1,3,4,1,6,2,1,7,0,4,2,4,4,3,3,2,2,3,2,3
607,6,2,1,2,2,1,4,5,1,2,4,3,3,3,0,1,4,3,0,1
608,3,5,2,1,0,2,3,4,8,1,1,3,2,3,4,0,1,2,2,3
609,4,2,2,1,1,1,5,0,5,1,2,2,1,1,1,5,0,0,0,0
610,8,2,5,2,1,1,2,2,1,3,2,1,2,1,4,1,3,3,3,2
611,0,2,2,4,1,3,2,3,2,5,1,1,3,1,3,2,1,4,0,4
612,0,1,2,4,2,1,3,2,0,1,5,2,5,1,4,0,3,5,8,1
613,1,1,4,2,3,2,7,6,1,1,7,12,8,3,4,1,6,2,2,0
614,3,1,0,4,0,3,5,2,1,3,3,3,6,4,3,1,4,1,3,2
615,6,1,1,5,1,4,2,0,4,2,6,3,4,1,3,3,5,5,0,3
616,4,0,3,3,1,1,2,3,3,2,2,5,6,3,9,0,1,1,3,4
617,4,0,3,1,0,4,3,2,3,3,5,2,2,1,0,3,1,0,4,1
618,0,2,2,2,4,2,2,9,1,2,4,0,4,2,8,0,4,2,1,4
619,0,3,3,4,2,0,0,6,0,3,4,6,3,6,4,2,1,0,6,3
620,0,0,5,2,4,3,1,5,0,4,6,3,7,1,7,0,2,0,5,1
621,0,3,5,2,3,4,2,1,4,4,2,3,0,2,3,5,1,1,1,1
622,0,2,2,3,2,1,4,1,1,2,6,6,3,4,6,0,1,0,2,1
623,2,0,5,3,4,0,7,5,0,2,1,6,4,3,5,2,2,1,2,0
624,1,3,3,6,2,1,1,3,1,2,2,3,7,3,3,2,0,0,4,1
625,0,3,4,0,4,1,3,1,1,0,3,4,10,0,3,0,2,2,3,1
626,1,1,2,0,5,1,8,4,0,0,3,3,7,1,2,2,6,1,1,1
627,1,1,0,4,0,0,1,4,3,1,3,0,3,4,3,0,1,0,5,4
628,1,2,5,1,5,0,4,5,0,1,2,2,2,1,6,2,3,2,2,1
629,1,1,1,4,5,0,4,7,0,2,5,3,2,3,8,1,3,2,5,0
630,2,1,5,2,6,0,11,6,0,1,0,5,7,1,4,4,1,0,1,1
631,1,0,2,2,2,0,0,6,2,3,1,3,3,3,5,5,0,0,2,2
632,2,1,2,5,3,2,2,3,1,0,2,5,2,5,7,0,2,2,1,1
633,0,2,1,1,3,1,7,10,1,4,6,7,7,3,0,1,3,0,1,2
634,0,2,2,3,5,0,1,3,1,1,5,6,8,4,4,0,0,0,2,2
635,1,0,2,2,3,1,5,6,0,0,7,5,2,6,5,1,2,3,0,2
636,2,0,5,1,2,1,5,6,0,0,2,4,3,3,2,1,1,1,1,0
637,1,4,0,0,4,3,2,4,3,5,1,2,4,1,1,2,2,3,1,1
638,2,0,6,1,10,0,7,3,0,1,5,5,5,1,5,3,7,1,0,1
639,2,1,5,8,3,1,4,1,1,3,5,4,1,3,5,1,3,1,2,0
640,2,0,2,5,1,0,3,5,0,1,1,1,1,0,4,0,4,2,2,2
641,2,0,2,3,0,0,1,1,1,3,1,0,2,2,5,3,2,1,2,1
642,1,2,0,0,0,5,3,3,0,0,7,2,3,3,6,1,1,0,1,1
643,2,3,2,3,4,1,3,6,1,2,4,4,5,0,1,2,1,2,2,1
644,2,0,3,3,4,2,2,4,2,0,3,6,9,4,5,2,2,1,2,5
645,2,3,3,2,1,1,2,2,2,5,4,1,0,3,5,2,5,4,5,4
646,1,1,0,2,4,0,3,1,3,2,4,1,2,1,1,6,3,8,0,1
647,1,1,3,3,3,0,2,5,0,1,5,4,5,0,2,0,3,2,3,2
648,2,3,3,2,2,1,2,1,1,1,0,4,5,1,8,0,0,0,4,1
649,2,3,2,1,2,0,2,10,2,2,5,3,8,2,5,0,1,1,3,0
650,1,0,1,6,2,1,4,8,0,0,3,6,6,4,6,0,0,0,1,1
651,1,3,5,5,1,0,3,6,1,4,3,4,3,4,6,1,1,0,5,3
652,4,2,1,6,0,5,1,1,1,4,0,0,4,3,2,4,2,4,1,1
653,2,0,1,4,1,0,2,2,0,0,0,4,5,2,5,1,3,3,1,0
654,4,3,1,2,1,1,5,6,1,4,2,0,1,2,0,3,2,1,2,6
655,1,4,1,1,2,2,3,5,0,2,2,4,3,3,2,0,3,1,3,1
656,0,1,2,6,4,1,2,3,2,2,2,4,4,1,2,2,1,0,1,3
657,0,0,2,2,4,1,3,8,1,0,2,5,8,2,4,1,2,2,0,1
658,2,3,1,2,0,3,5,4,2,3,3,1,6,2,3,0,2,1,1,3
659,4,1,6,1,3,0,4,3,0,0,6,3,5,1,2,1,2,2,0,0
660,1,1,0,2,3,3,4,5,2,4,4,4,5,4,0,0,0,1,3,0
661,0,1,0,3,2,0,4,7,0,1,1,3,7,2,2,1,3,3,2,2
662,2,2,2,4,1,0,1,8,0,3,3,7,8,3,4,0,5,0,1,1
663,0,2,1,2,3,2,1,1,2,4,7,5,2,5,3,0,3,0,3,0
664,3,0,2,0,3,1,3,8,0,0,3,6,3,1,3,0,7,3,0,1
665,1,1,1,9,2,0,5,4,0,0,4,1,6,4,3,2,3,0,4,1
666,0,1,6,1,9,1,5,3,0,5,1,3,4,1,1,0,2,5,4,2
667,6,4,3,2,4,0,5,2,3,0,3,3,2,1,2,2,1,1,1,2
668,2,1,2,2,1,1,1,6,1,2,0,0,6,8,3,0,1,1,2,4
669,0,5,1,7,1,0,1,5,2,3,7,3,6,2,3,2,1,1,4,4
670,5,1,5,2,2,1,2,6,2,0,1,6,4,3,5,0,0,1,3,2
671,2,3,1,3,2,1,4,5,2,1,1,6,4,7,1,0,3,0,0,3
672,0,7,4,2,5,4,3,4,4,3,4,6,2,2,1,1,2,2,4,4
673,0,1,2,4,2,4,3,3,0,1,6,3,6,5,3,1,1,0,2,1
674,0,0,1,2,4,1,4,11,0,2,2,3,4,3,4,1,3,1,1,1
675,0,2,3,1,3,5,5,7,2,2,4,3,3,3,2,2,1,2,4,2
676,2,1,1,4,4,1,1,8,3,3,3,2,7,2,5,1,1,0,3,2
677,0,2,5,2,1,1,2,0,0,5,1,0,3,3,1,2,6,2,1,1
678,2,3,5,0,1,1,4,6,0,2,2,4,8,2,2,0,2,1,5,1
679,2,3,8,0,3,2,8,3,0,0,4,5,4,4,1,5,1,1,1,0
680,2,2,2,5,2,1,3,5,0,1,2,6,3,3,4,0,2,0,4,7
681,0,1,2,1,4,0,3,2,1,4,1,0,2,0,1,0,2,2,5,2
682,1,4,2,6,4,1,5,3,0,2,5,0,6,3,6,0,4,0,0,1
683,0,0,1,2,7,1,1,6,0,1,3,6,6,6,3,0,0,0,2,2
684,0,3,7,0,1,1,2,5,0,0,4,1,3,0,2,3,7,3,0,0
685,3,1,1,1,6,1,2,3,0,2,1,6,3,2,0,0,2,4,1,3
686,1,3,4,3,5,3,1,2,3,2,2,5,2,2,2,1,7,0,2,3
687,1,1,2,1,4,0,1,3,0,1,1,5,7,0,3,1,4,0,1,1
688,0,4,0,1,4,3,5,4,2,2,3,2,6,1,4,0,0,3,4,3
689,1,2,2,1,2,2,4,9,4,2,4,2,3,2,2,1,0,2,1,1
690,1,6,0,6,3,1,3,5,0,2,7,5,9,3,6,1,1,2,3,1
691,1,1,2,4,2,1,2,2,1,0,3,2,9,4,4,1,2,0,3,1
692,3,1,5,0,5,0,12,6,1,0,4,2,4,5,4,4,5,1,0,1
693,0,3,3,8,5,0,4,4,2,0,3,8,4,6,5,1,1,2,0,1
694,0,0,3,3,2,2,5,7,0,1,3,4,7,3,5,0,5,1,2,3
695,2,1,2,1,5,1,6,3,0,1,4,2,7,2,2,1,4,6,2,0
696,0,1,3,3,0,0,5,7,0,3,0,5,7,2,8,1,1,2,2,0
697,3,3,3,4,6,0,5,4,1,0,6,4,4,0,5,1,0,2,1,1
698,0,2,1,5,1,2,1,6,2,2,9,3,8,6,4,0,1,1,5,3
699,0,2,2,6,5,1,0,3,3,2,2,5,4,3,8,0,1,0,1,1
700,1,3,3,1,5,0,10,6,1,0,5,1,5,1,3,0,4,6,0,0
701,0,2,3,3,3,1,6,7,3,1,4,3,3,0,0,0,3,1,5,1
702,1,1,2,4,2,0,5,2,1,1,4,4,5,1,1,0,2,1,3,4
703,1,0,1,4,2,2,0,2,0,0,6,4,6,2,2,0,2,1,4,1
704,1,5,3,4,3,1,4,1,0,1,4,1,6,3,10,0,3,1,3,3
705,0,2,5,1,1,2,2,4,0,0,0,6,1,1,7,1,2,1,3,1
706,3,3,6,6,2,1,2,9,0,3,2,2,4,4,3,2,2,1,1,3
707,0,1,1,6,4,2,0,4,3,1,4,5,3,2,4,0,0,0,5,2
708,1,1,1,1,4,1,9,5,0,0,5,2,4,4,3,4,4,1,2,0
709,0,3,4,4,4,1,3,6,0,1,6,1,5,3,5,0,3,1,1,3
710,1,1,1,2,3,1,2,5,0,2,4,6,1,5,6,0,0,1,2,4
711,0,1,7,1,2,2,5,2,2,4,4,3,6,1,4,0,2,1,2,1
712,3,0,4,2,5,1,6,6,0,0,1,2,2,2,2,0,2,3,1,0
713,3,2,2,3,2,0,5,6,1,1,3,9,5,2,4,0,1,2,1,1
714,3,2,2,2,4,4,2,4,1,1,3,4,6,4,9,0,4,3,5,1
715,1,2,2,8,3,2,3,3,1,4,3,10,6,6,0,2,1,0,1,1
716,1,2,2,2,2,1,1,4,2,5,3,4,5,4,7,1,2,0,4,1
717,1,0,3,1,4,2,2,3,2,4,4,4,7,3,3,2,2,4,4,1
718,2,1,2,1,0,2,4,1,3,3,3,1,4,4,2,2,2,3,0,5
719,2,2,4,2,2,2,8,3,1,2,4,1,7,0,4,2,4,3,2,7
720,1,1,4,2,6,0,5,8,1,5,2,3,6,1,2,0,1,3,2,3
721,0,0,1,5,0,0,3,7,1,2,6,7,3,2,4,0,4,1,2,1
722,1,3,3,8,1,0,0,3,1,4,2,1,6,2,6,1,1,0,2,0
723,4,2,1,2,3,0,7,5,0,1,4,1,5,3,1,0,5,5,1,1
724,6,3,4,2,7,1,2,4,4,2,3,5,7,0,2,2,1,2,1,0
725,3,3,3,2,3,3,5,3,4,3,3,3,1,2,0,0,1,3,4,1
726,1,1,6,3,1,1,2,7,1,0,6,5,6,5,2,3,3,0,0,0
727,3,1,3,1,6,2,2,3,1,2,4,5,2,5,3,1,3,2,1,0
728,1,4,8,4,3,0,6,0,2,2,1,3,5,7,2,1,5,5,3,0
729,2,3,3,2,2,2,2,3,1,2,3,2,0,1,4,2,4,0,2,4
730,1,4,4,3,4,1,1,3,0,0,4,8,5,4,4,2,1,4,0,5
731,1,0,2,3,1,3,3,8,1,2,1,6,5,4,8,0,5,1,4,1
732,4,3,3,1,4,2,9,6,1,1,1,2,6,2,5,3,5,2,0,0
733,3,1,1,5,5,0,5,3,0,0,2,5,4,6,1,0,2,0,1,2
734,0,2,3,2,1,2,1,2,6,4,1,3,5,2,5,1,0,4,3,0
735,2,2,3,6,1,1,0,5,0,4,3,8,4,3,6,2,2,0,2,0
736,0,1,2,1,1,0,2,3,0,2,6,6,4,0,6,0,0,2,1,1
737,3,1,1,2,1,0,2,5,0,3,0,4,2,2,2,0,4,2,2,2
738,3,1,5,1,4,2,5,2,0,0,1,2,10,0,1,0,7,4,0,1
739,1,1,3,2,4,3,3,4,4,3,5,3,7,1,0,1,1,1,2,2
740,1,0,2,2,2,0,2,5,1,3,1,4,2,6,4,0,2,0,1,0
741,2,2,2,6,5,1,2,4,0,4,8,1,8,2,2,0,2,0,6,2
742,1,3,6,0,0,0,8,10,0,0,1,6,5,4,1,2,6,2,2,0
743,1,1,4,4,0,3,2,3,1,3,1,6,9,5,1,0,1,4,1,2
744,0,1,4,6,2,2,1,4,1,2,1,8,6,3,3,1,0,0,4,2
745,1,1,5,2,3,1,3,3,0,2,3,5,5,1,5,0,2,2,1,1
746,3,1,2,1,3,1,5,7,0,0,3,5,6,1,4,1,3,2,1,0
747,1,3,6,5,2,2,1,7,3,2,4,2,3,0,2,6,2,6,2,2
748,1,0,3,0,7,2,9,7,0,1,4,3,3,0,3,2,1,3,0,1
749,1,1,1,3,1,2,1,0,3,1,6,4,0,6,5,1,1,0,3,4
750,3,1,3,2,2,1,0,0,7,4,0,1,3,1,3,5,6,2,0,1
751,2,3,2,2,4,3,1,3,2,1,1,1,1,3,3,2,2,3,1,4
752,2,6,1,1,2,3,3,1,0,4,0,4,0,2,4,1,4,2,0,2
753,1,1,5,1,1,3,5,2,2,1,4,5,7,1,2,1,4,3,1,4
754,0,0,5,1,2,2,3,2,3,2,0,2,2,1,1,1,1,1,2,1
755,1,3,2,4,2,4,0,0,0,3,1,4,4,1,2,1,2,1,2,5
756,0,0,2,1,2,2,2,3,1,1,6,3,5,3,3,0,3,1,2,5
757,3,1,4,2,1,2,5,4,2,2,1,3,3,4,1,2,2,3,1,0
758,0,0,3,2,1,5,1,1,3,6,3,1,6,4,2,0,0,1,4,2
759,1,1,3,2,5,1,3,6,0,1,4,2,8,2,3,0,2,3,4,1
760,2,2,4,1,2,4,2,3,1,2,1,1,3,3,2,1,3,0,5,2
761,3,0,7,0,1,0,7,8,0,0,2,6,3,2,0,0,4,3,2,1
762,2,0,1,1,5,2,4,5,3,2,2,1,3,3,2,0,2,3,2,0
763,2,2,1,10,2,0,1,4,1,4,2,5,4,4,5,2,1,0,4,3
764,1,1,3,0,3,3,2,2,1,3,3,0,3,5,5,1,2,3,0,1
765,0,0,2,2,1,1,1,7,0,2,3,7,4,0,7,0,2,0,3,3
766,1,1,0,3,1,1,4,7,1,2,4,2,7,0,2,1,2,3,4,0
767,2,1,2,3,3,2,4,6,0,0,5,3,3,0,3,1,5,0,1,2
768,2,3,2,1,1,5,1,2,5,2,6,3,1,3,1,5,2,1,6,5
769,3,1,1,0,3,6,0,1,4,1,2,3,2,4,3,1,3,1,2,1
770,2,0,1,0,3,0,6,9,0,0,4,5,3,0,1,3,2,3,0,0
771,0,1,1,3,3,0,3,6,1,3,1,2,4,3,3,2,3,4,1,2
772,1,2,2,4,1,0,1,5,2,2,3,6,10,4,4,0,2,0,4,4
773,0,0,4,2,2,1,3,3,0,1,4,4,3,1,3,3,5,1,2,2
774,2,2,6,0,6,1,5,9,1,1,7,5,5,1,0,3,9,3,2,0
775,2,0,4,4,6,2,5,1,0,2,2,2,7,3,1,1,4,1,2,1
776,2,0,3,2,1,0,5,3,3,2,0,2,6,2,3,1,4,2,1,6
777,3,1,2,2,5,1,4,4,0,3,7,3,7,4,5,1,5,3,1,0
778,1,1,2,2,5,0,2,1,0,1,5,4,2,2,1,0,1,1,1,2
779,1,2,2,1,2,2,5,2,5,1,5,3,5,0,10,0,3,3,6,2
780,1,0,0,3,4,0,3,7,1,2,8,0,6,5,3,0,0,2,2,6
781,2,1,0,2,2,0,7,2,0,0,4,2,6,0,0,2,6,0,3,0
782,2,0,2,4,2,4,2,3,0,3,4,4,7,4,8,1,2,0,2,2
783,1,1,2,0,7,3,4,2,2,3,0,4,5,1,4,0,2,4,4,2
784,1,3,5,6,2,3,2,6,0,3,2,3,6,2,4,0,0,0,4,2
785,0,2,2,5,3,2,2,8,0,1,7,2,7,1,2,4,2,1,4,2
786,1,1,1,3,1,6,8,3,1,4,0,1,1,1,3,2,4,0,3,3
787,0,2,5,3,1,0,1,3,0,2,4,12,4,5,6,1,1,0,1,4
788,0,2,1,2,2,1,2,6,4,3,0,5,6,0,2,1,3,0,0,1
789,2,0,4,3,2,0,1,6,1,1,2,4,4,2,2,1,3,0,4,0
790,5,0,2,1,3,0,0,0,1,3,2,4,3,2,2,1,2,2,5,3
791,2,3,1,3,2,1,3,9,2,1,8,4,5,3,5,1,2,0,4,1
792,1,0,1,1,3,3,5,4,2,1,0,1,3,1,4,0,3,2,3,2
793,3,0,3,3,6,1,2,8,0,2,0,4,5,2,6,0,1,6,2,2
794,1,1,4,2,2,1,2,6,2,2,2,3,7,4,5,0,0,0,7,0
795,2,2,3,6,1,0,0,3,1,0,10,3,2,3,4,1,0,0,2,1
796,3,0,1,1,0,3,3,4,3,3,3,5,4,1,1,4,2,3,1,3
797,2,1,2,1,6,1,5,6,0,0,7,10,2,2,4,2,1,0,0,0
798,0,1,2,0,2,0,2,6,0,3,3,3,7,3,3,0,0,1,2,1
799,0,0,1,4,5,0,6,5,0,1,1,6,3,1,1,0,1,1,1,0
800,1,0,4,0,2,0,3,7,0,0,3,1,3,3,6,0,1,3,1,3
801,1,2,3,2,1,1,1,1,3,0,5,2,1,3,2,1,3,4,2,6
802,0,0,4,3,4,0,3,5,0,0,4,2,7,2,3,2,4,2,2,0
803,0,1,4,3,2,0,5,3,3,0,4,10,6,2,4,0,4,0,2,1
804,2,1,2,5,2,0,3,11,3,0,4,5,3,5,3,2,1,0,4,3
805,1,1,3,2,1,3,1,2,4,3,2,1,1,3,3,1,1,0,5,2
806,1,2,2,2,5,1,4,3,0,4,2,5,6,2,1,1,2,0,1,1
807,4,2,3,3,1,1,2,4,2,2,0,2,3,1,2,0,0,1,3,0
808,0,0,1,5,4,2,1,6,0,3,1,2,5,7,5,1,1,0,4,2
809,1,0,2,1,3,2,4,1,2,2,5,3,4,0,6,0,1,2,2,2
810,0,0,2,4,6,0,5,2,0,4,1,3,1,9,6,2,0,1,5,0
811,0,0,2,7,1,2,0,4,4,1,3,5,6,2,6,1,0,1,4,2
812,5,3,1,3,6,1,1,2,3,1,4,1,0,4,2,1,3,2,1,3
813,2,2,5,2,3,2,7,0,3,3,1,4,5,0,6,2,2,4,4,2
814,2,2,6,0,1,0,0,5,2,1,7,9,7,5,4,1,1,0,3,3
815,0,2,1,1,1,0,6,6,0,0,2,5,7,0,1,0,4,4,1,0
816,1,4,6,1,2,1,5,4,3,3,3,1,2,4,7,3,2,1,3,3
817,1,3,2,1,0,4,1,2,2,3,2,1,5,1,2,1,3,0,2,5
818,2,0,2,2,5,2,2,5,3,3,1,2,2,4,3,1,4,5,3,2
819,3,1,2,2,3,0,1,5,0,1,2,1,1,2,4,1,4,2,0,1
820,2,2,1,1,3,0,5,2,4,6,0,4,1,5,4,2,4,3,4,3
821,2,5,2,2,2,2,3,2,2,3,1,4,3,1,1,2,2,3,4,1
822,1,3,3,3,0,0,3,5,1,3,3,5,2,4,5,1,2,1,0,2
823,2,2,3,3,0,2,1,2,2,3,2,1,3,5,2,4,2,6,3,2
824,2,4,2,1,2,4,5,3,0,2,2,2,1,3,3,3,3,4,5,3
825,0,2,2,6,4,4,1,3,1,2,3,8,3,3,5,0,3,0,6,4
826,3,1,4,1,7,1,4,3,2,1,4,4,1,2,2,4,4,4,1,1
827,2,2,2,1,4,3,3,7,2,0,3,2,1,2,7,1,0,4,2,4
828,0,3,3,5,4,1,2,4,2,4,1,2,6,3,2,0,1,0,6,3
829,3,2,2,1,4,0,5,1,4,5,5,1,6,2,3,0,1,0,1,1
830,3,0,5,2,3,1,5,4,2,2,2,3,6,1,7,1,3,2,2,1
831,4,0,3,6,3,1,6,9,0,1,5,7,6,1,3,0,2,1,1,2
832,3,0,0,2,2,3,4,8,0,2,4,4,7,1,6,0,2,1,0,0
833,4,3,2,3,2,4,1,4,1,1,0,1,2,1,3,2,3,2,2,2
834,0,1,6,2,6,2,2,4,0,2,2,3,3,4,1,1,2,2,3,1
835,1,2,5,0,2,4,3,3,5,1,4,2,3,4,4,0,3,1,3,1
836,3,1,3,1,2,2,1,1,3,3,3,2,3,3,3,0,2,2,3,4
837,4,3,3,2,5,1,3,1,1,2,4,5,3,1,3,2,2,1,1,0
838,0,2,1,3,1,2,4,8,0,0,4,5,2,6,3,3,3,1,2,2
839,3,2,3,1,0,2,4,7,0,0,1,5,4,2,5,0,4,1,0,0
840,0,0,4,1,3,0,3,4,0,2,3,2,6,3,1,3,3,0,4,2
841,1,1,7,1,3,0,5,5,0,0,6,2,5,3,1,1,6,1,1,0
842,1,1,5,2,7,2,3,3,1,3,2,2,6,2,2,1,0,3,0,5
843,3,3,4,3,3,1,3,6,3,2,5,2,3,1,0,3,2,4,1,1
844,1,1,0,4,4,1,6,4,0,1,1,3,10,8,5,2,7,1,1,1
845,2,3,2,2,2,1,5,4,0,3,2,4,3,1,1,1,5,2,1,3
846,0,3,1,4,2,3,4,6,1,3,3,1,1,1,2,2,3,4,3,4
847,1,2,4,1,2,2,5,8,0,1,5,8,1,2,2,1,4,2,1,1
848,3,0,3,1,2,3,3,3,2,3,5,3,4,2,3,0,3,2,2,2
849,2,2,1,1,1,2,3,2,4,2,3,1,10,0,3,1,3,3,4,2
850,1,0,4,3,4,0,3,3,3,3,1,3,7,2,1,0,4,4,1,2
851,2,2,2,2,4,4,2,2,2,4,3,3,0,3,3,1,7,0,1,1
852,1,4,3,4,4,0,1,5,2,2,2,6,6,3,6,0,0,0,1,3
853,0,2,1,5,3,0,1,3,2,3,5,1,6,3,6,0,2,0,2,3
854,1,1,3,3,3,1,1,7,1,2,1,4,5,4,3,1,5,2,3,2
855,4,1,3,1,2,1,1,1,2,5,3,4,1,2,3,3,1,2,2,2
856,2,1,5,3,0,3,4,5,0,2,3,3,6,1,1,0,2,2,5,1
857,0,2,1,4,1,1,1,3,0,1,3,6,4,5,7,0,1,1,2,1
858,3,2,1,1,2,2,4,6,2,3,5,4,7,5,3,0,1,2,1,2
859,1,3,4,0,2,2,8,3,3,2,0,2,3,1,1,0,0,2,2,3
860,0,4,6,1,1,1,3,0,4,4,3,2,4,1,1,0,1,3,4,2
861,1,0,6,2,6,1,8,5,0,1,3,6,9,3,1,3,5,3,1,1
862,0,1,4,5,1,0,0,8,1,2,3,4,9,3,5,2,0,0,4,3
863,2,1,1,0,2,3,2,3,2,2,0,2,3,2,3,5,1,0,4,3
864,1,4,4,2,0,2,2,6,4,1,3,4,3,2,5,4,4,3,5,1
865,0,2,3,2,3,6,4,7,3,3,2,1,6,6,1,0,1,2,7,1
866,1,0,1,0,2,3,7,5,4,1,4,4,4,4,4,1,2,6,3,2
867,1,2,2,3,5,2,4,3,0,0,1,4,6,5,9,1,1,1,5,2
868,1,1,5,3,6,6,3,2,0,2,5,3,2,2,2,1,3,1,5,2
869,2,1,5,0,2,1,5,3,2,2,2,5,3,2,4,1,4,0,6,1
870,1,1,4,2,0,3,4,2,2,1,6,0,3,4,3,1,3,1,0,1
871,1,3,1,4,1,0,1,4,2,3,0,6,6,2,6,0,1,0,2,4
872,1,3,3,3,4,1,3,4,1,4,2,1,5,2,2,1,3,2,1,0
873,4,3,2,2,8,0,5,4,0,0,3,11,2,0,2,2,6,2,0,2
874,2,1,2,5,4,4,3,1,0,6,3,3,5,1,6,3,3,0,3,5
875,3,2,4,1,3,1,1,3,4,4,0,2,3,3,2,3,3,1,5,4
876,4,1,2,2,4,3,1,4,3,1,2,0,5,3,1,1,1,3,2,2
877,1,3,0,2,4,0,7,3,4,5,4,2,2,2,4,3,2,3,5,2
878,4,2,1,5,3,3,7,1,4,2,1,3,1,3,2,2,2,3,0,0
879,1,1,3,3,4,1,2,5,1,0,6,3,4,2,3,4,6,1,2,0
880,2,3,4,2,6,3,6,9,0,1,3,3,1,7,2,0,1,1,1,4
881,0,1,4,6,4,1,1,7,0,1,2,9,2,4,0,0,2,0,1,0
882,1,3,2,1,3,2,2,2,0,3,0,2,3,3,5,4,6,2,3,1
883,0,2,1,6,3,0,0,3,0,3,5,2,9,5,4,0,1,0,0,1
884,2,2,2,3,0,3,1,2,1,1,2,1,4,2,2,1,2,4,3,0
885,2,2,3,7,3,0,4,5,0,0,6,3,5,1,2,0,5,1,2,1
886,2,2,2,9,1,2,7,4,0,2,5,5,6,2,7,0,1,0,3,1
887,0,1,4,1,3,0,4,4,2,1,1,2,9,6,9,1,3,1,2,3
888,2,0,6,1,0,1,4,4,1,1,1,3,6,2,2,2,1,0,2,1
889,5,3,1,6,4,3,5,5,3,1,2,2,4,1,4,2,2,1,3,1
890,0,0,2,1,1,0,1,7,0,0,3,3,6,0,3,0,4,0,6,1
891,6,5,0,2,2,2,2,2,3,0,5,0,3,1,4,1,3,1,2,0
892,2,3,1,5,5,1,1,3,1,4,7,2,1,5,2,1,1,1,3,3
893,0,1,3,3,4,0,5,12,0,0,4,3,2,1,3,1,2,3,1,0
894,0,4,4,1,4,0,3,3,0,3,2,6,8,2,2,0,4,1,4,4
895,2,0,5,1,1,1,4,4,3,6,5,3,8,3,5,2,3,2,3,0
896,1,3,6,2,2,2,2,3,1,3,1,7,0,1,1,2,7,2,6,1
897,0,1,4,6,1,0,2,4,0,0,1,4,7,2,5,1,3,2,1,1
898,2,3,3,3,3,0,1,4,0,0,4,5,6,1,3,0,1,0,6,2
899,1,2,2,1,2,1,4,2,0,2,1,7,2,2,7,0,4,0,2,1
900,0,1,3,3,2,2,3,4,0,3,5,8,2,4,7,1,0,1,3,2
901,1,1,3,5,3,1,2,5,1,2,3,4,8,5,5,1,0,0,3,3
902,2,1,5,0,4,3,3,4,0,4,2,4,5,3,2,1,4,3,0,1
903,3,1,5,0,7,0,5,9,0,0,0,10,2,4,1,0,5,3,1,1
904,0,1,3,2,1,1,8,8,1,5,2,4,5,0,5,0,2,1,9,2
905,2,2,7,4,1,1,1,7,1,0,4,10,0,1,3,0,3,2,2,2
906,0,1,2,4,4,2,5,5,7,2,2,2,4,4,3,2,4,1,3,1
907,1,1,2,9,1,0,1,4,2,5,5,8,2,2,4,3,0,1,5,3
908,0,3,2,2,1,0,2,5,0,0,6,3,5,4,4,1,5,0,0,0
909,1,1,0,3,4,0,5,3,2,2,5,2,4,3,4,2,0,2,7,1
910,2,0,4,2,1,2,2,5,1,2,1,7,7,3,5,1,1,3,0,3
911,0,5,2,1,7,3,4,4,1,2,1,2,3,1,6,1,0,0,4,5
912,0,1,4,5,3,1,1,3,2,4,7,3,3,5,5,1,4,1,1,1
913,3,2,1,1,1,1,2,5,0,3,7,2,5,4,7,1,7,4,2,3
914,0,2,5,0,6,1,7,6,3,4,3,3,2,3,1,2,3,5,2,1
915,1,0,3,3,1,1,2,4,0,2,5,1,6,5,3,0,0,0,2,1
916,1,1,1,5,0,1,1,4,0,2,3,5,1,2,2,0,1,0,3,2
917,0,0,4,1,5,2,2,3,3,1,4,1,3,2,3,3,3,1,3,3
918,3,4,4,2,3,2,3,5,2,4,5,1,2,1,2,2,2,0,6,2
919,0,2,3,1,3,2,4,1,5,2,3,4,2,0,4,1,2,1,4,0
920,2,2,0,6,1,0,0,2,2,2,3,5,1,3,2,5,0,0,4,3
921,2,3,0,1,3,1,2,3,2,3,4,1,1,0,4,1,5,2,1,1
922,0,1,3,4,2,2,9,4,0,3,1,2,6,2,1,3,4,2,3,1
923,0,2,2,3,1,1,8,9,0,0,5,5,4,1,5,1,4,2,1,3
924,2,1,2,1,4,2,1,6,3,0,1,0,7,4,5,3,3,3,5,0
925,1,1,3,5,6,0,2,7,0,4,2,4,1,4,3,0,0,0,3,0
926,0,1,4,0,6,0,4,2,0,1,1,3,4,2,5,1,2,4,1,3
927,0,0,3,1,2,2,0,5,2,1,2,3,6,3,4,1,0,0,2,0
928,1,1,2,1,1,1,6,2,0,1,0,4,4,7,1,1,3,2,3,2
929,0,2,2,6,0,1,1,3,2,1,5,2,7,0,6,1,2,0,7,2
930,1,2,2,5,2,0,0,6,1,0,5,4,3,0,5,1,0,0,1,2
931,3,3,4,1,2,2,1,6,0,1,7,3,3,2,5,3,3,2,2,0
932,2,1,3,0,3,1,6,2,0,0,4,9,7,2,2,1,3,1,1,0
933,0,1,3,3,3,1,5,3,0,0,4,0,6,4,3,0,4,5,1,1
934,1,1,2,4,2,0,4,2,1,0,4,4,6,2,5,0,3,4,3,0
935,1,1,10,0,3,0,7,5,0,0,3,6,2,1,2,0,5,1,0,1
936,6,0,1,0,8,2,13,4,0,0,3,2,9,6,2,0,4,2,0,1
937,2,2,2,1,1,6,2,2,1,2,1,2,1,2,2,0,6,2,4,0
938,0,0,1,5,2,1,5,8,0,2,4,3,3,2,3,0,2,3,2,1
939,2,2,2,5,1,1,1,8,0,1,2,1,6,3,4,2,3,4,5,0
940,1,3,4,5,2,1,3,3,0,0,4,10,8,2,7,2,0,1,3,3
941,2,1,1,2,4,3,6,3,0,1,4,1,4,4,4,1,1,1,2,2
942,2,1,2,1,4,2,4,4,5,1,3,2,3,2,6,1,2,2,2,4
943,1,3,2,4,4,1,2,0,7,5,3,7,0,2,3,1,4,1,1,4
944,0,3,2,4,5,1,3,7,2,4,2,7,5,8,3,0,2,0,4,4
945,2,0,7,1,3,0,5,4,0,0,2,4,7,3,1,2,4,2,0,0
946,3,2,8,1,3,1,3,2,2,3,3,4,6,1,3,1,2,5,4,3
947,1,3,4,3,4,0,6,3,0,0,2,1,6,2,4,2,2,1,3,0
948,1,1,2,3,4,1,1,6,2,4,2,0,6,2,4,1,3,0,1,1
949,0,1,2,2,5,0,2,4,1,0,1,2,6,2,3,0,1,5,2,4
950,1,2,3,5,2,1,3,8,0,1,0,0,8,5,5,1,1,1,1,0
951,1,1,4,5,1,1,2,1,0,4,6,4,6,2,4,0,0,0,0,3
952,3,2,1,2,2,3,3,1,3,2,1,4,5,2,3,2,2,3,3,0
953,1,2,2,5,3,0,2,4,0,3,2,1,4,1,3,0,2,1,1,1
954,2,2,3,4,4,0,3,3,1,0,1,5,7,3,4,0,1,3,7,1
955,0,5,2,3,2,2,1,2,1,2,1,0,3,3,2,2,3,4,3,2
956,1,0,6,2,4,0,0,5,0,2,5,7,3,3,9,3,3,1,1,2
957,1,2,6,2,6,0,4,6,3,3,3,5,3,2,3,0,2,1,2,1
958,3,0,6,2,3,2,4,5,3,2,4,1,4,2,4,0,2,0,3,3
959,1,1,3,3,1,1,2,11,0,0,4,2,5,3,1,2,5,1,3,1
960,3,0,2,0,2,2,4,6,1,2,3,2,4,2,3,0,1,0,2,2
961,1,1,3,1,3,1,5,4,2,3,3,3,3,2,3,1,2,5,5,5
962,1,0,1,1,4,3,3,2,2,1,4,3,5,3,5,0,0,2,2,3
963,0,4,1,3,3,1,2,7,2,1,7,3,4,6,5,4,5,2,1,3
964,2,1,0,5,4,1,2,4,1,3,5,7,5,5,4,0,3,0,3,1
965,0,2,1,4,4,1,3,3,2,1,4,4,10,0,8,3,1,0,3,0
966,1,1,2,9,2,0,1,6,2,3,4,3,5,4,3,0,0,1,1,0
967,2,1,1,4,3,2,1,3,5,2,6,1,0,4,1,1,3,2,4,2
968,3,1,5,4,4,6,2,1,3,4,1,5,1,4,2,2,2,2,6,3
969,2,2,3,2,1,4,3,4,3,2,4,4,10,0,4,0,3,4,1,5
970,3,1,2,3,1,0,6,8,1,3,3,0,6,6,2,2,3,0,1,0
971,3,2,1,5,3,2,2,2,0,2,4,3,3,4,3,2,2,1,0,2
972,1,1,2,2,5,2,4,3,2,0,5,3,5,6,4,0,2,3,0,0
973,0,2,5,1,8,1,5,5,3,1,1,3,1,5,8,2,1,2,3,1
974,4,0,1,1,1,1,6,4,0,1,3,3,4,3,3,1,4,7,0,1
975,1,1,2,5,2,1,4,4,1,1,2,3,5,5,2,0,1,2,1,1
976,2,4,1,0,8,2,4,4,0,0,2,3,5,1,2,4,2,6,1,0
977,1,1,2,8,3,3,1,5,1,6,1,5,7,3,6,0,1,1,4,3
978,1,0,1,0,1,0,5,1,1,1,2,8,5,4,5,0,2,6,1,1
979,3,1,1,0,2,0,3,3,4,5,1,2,3,1,3,2,4,3,1,3
980,1,0,1,1,2,0,5,3,2,4,3,2,5,1,4,1,2,2,3,4
981,2,1,0,5,2,1,4,5,0,1,4,6,4,3,2,2,7,0,3,6
982,0,4,3,4,3,3,4,3,0,2,4,2,6,3,7,2,4,2,3,2
983,1,1,0,2,0,1,1,4,1,0,2,7,3,7,5,0,1,0,3,2
984,0,2,3,1,1,0,6,2,3,3,4,3,3,4,6,1,1,3,3,2
985,4,2,2,3,2,0,4,2,2,0,1,2,6,4,8,0,1,2,3,1
986,1,2,5,2,2,2,2,1,0,0,2,3,5,2,2,3,6,2,2,1
987,1,1,4,4,1,3,3,1,2,2,1,1,4,3,1,4,2,2,1,2
988,1,3,1,4,3,1,4,6,0,1,1,3,3,1,4,0,1,0,2,2
989,0,1,7,1,5,4,5,2,0,1,2,5,5,2,1,1,3,3,4,3
990,1,4,0,0,2,2,2,6,0,1,3,5,4,3,1,0,3,0,4,0
991,1,3,0,4,4,3,3,0,3,1,2,5,5,1,4,0,2,2,3,0
992,2,0,4,3,3,2,2,5,0,2,1,2,7,6,2,0,2,2,4,1
993,0,1,7,2,0,4,6,3,1,3,1,2,4,4,0,0,1,5,2,1
994,2,0,1,4,5,3,0,0,1,1,1,3,2,1,2,4,4,2,6,2
995,1,1,2,3,7,4,9,3,2,4,0,0,9,4,7,0,3,3,3,2
996,2,1,4,2,4,4,4,2,2,0,1,5,5,2,2,1,2,4,2,3
997,1,3,2,3,3,3,1,4,5,2,1,5,5,5,2,1,4,1,6,3
998,0,0,4,3,5,1,6,4,2,0,5,2,5,2,3,0,1,2,2,3
999,2,0,2,0,7,2,5,7,1,1,3,3,4,3,4,4,2,2,1,0
1000,0,3,4,6,3,1,0,1,3,3,1,5,6,5,6,0,2,0,2,0
1001,4,1,1,1,4,3,2,1,1,3,2,2,2,6,3,4,0,4,3,3
1002,3,2,4,4,7,5,3,4,2,5,2,2,3,2,3,0,2,3,3,3
1003,1,2,1,0,3,2,2,6,1,1,3,5,6,2,3,2,1,0,3,0
1004,2,0,1,0,2,1,6,4,0,0,2,3,7,6,4,1,3,3,0,0
1005,3,1,5,2,2,0,1,9,0,0,0,7,6,3,5,1,2,1,4,4
1006,1,1,1,2,5,4,2,3,0,4,1,4,3,3,2,3,2,1,2,3
1007,1,9,3,2,5,3,2,5,2,2,4,1,4,2,4,3,2,1,2,2
1008,1,3,1,1,5,1,4,5,0,0,2,4,2,0,5,4,4,6,1,1
1009,3,3,3,1,0,1,1,0,1,2,3,7,7,2,2,3,3,4,2,0
1010,1,3,2,1,3,5,3,3,5,4,4,1,3,7,2,1,5,3,4,3
1011,2,0,1,7,2,0,3,6,1,1,5,2,4,1,5,1,0,1,1,5
1012,2,4,2,2,1,1,6,1,3,4,3,2,4,2,5,0,3,0,1,3
1013,1,2,0,1,1,0,3,4,0,2,2,7,6,2,2,3,2,2,3,0
1014,4,1,1,1,3,3,3,4,1,4,5,1,2,5,0,1,3,4,3,5
1015,0,1,4,2,5,3,6,3,4,1,2,4,3,2,3,2,3,1,2,1
1016,2,0,6,3,0,4,3,6,4,2,6,2,3,3,4,0,3,0,5,2
1017,0,1,0,6,2,4,7,4,1,1,3,0,6,0,7,2,2,0,3,3
1018,1,2,0,0,3,1,9,5,0,2,0,3,9,4,2,2,1,4,1,1
1019,0,0,2,0,5,4,2,5,1,3,2,3,4,4,6,0,0,1,2,0
1020,3,0,0,0,8,1,4,4,1,0,3,6,2,2,2,2,3,3,0,1
1021,1,4,4,2,3,3,2,1,4,2,4,2,4,2,3,5,2,5,0,2
1022,0,1,2,5,5,1,1,3,3,3,9,8,5,6,3,0,1,1,0,1
1023,0,2,1,5,1,1,0,4,1,1,2,3,8,3,6,0,0,2,1,3
1024,0,1,0,3,4,2,2,0,1,4,2,3,7,1,4,1,3,2,5,4
1025,3,2,3,4,1,2,3,0,0,3,0,3,6,4,2,3,1,3,2,1
1026,1,1,3,2,4,3,4,5,3,0,2,1,0,5,2,2,1,4,2,1
1027,1,3,1,1,5,1,1,6,0,2,0,4,6,3,4,1,1,1,1,1
1028,4,3,3,6,3,0,1,7,0,1,5,4,4,2,2,4,4,2,1,3
1029,4,1,3,1,2,4,2,3,2,0,4,4,2,0,4,2,4,2,2,4
1030,0,2,1,3,5,0,3,3,0,1,3,6,2,7,2,2,1,0,6,1
1031,3,1,1,0,2,7,3,1,2,4,4,4,1,2,3,1,2,2,0,1
1032,1,1,2,4,3,2,4,4,2,2,6,5,7,4,3,1,0,0,0,2
1033,3,1,8,3,4,1,4,6,1,3,0,2,5,5,5,0,1,1,0,3
1034,0,1,4,1,2,2,6,8,5,1,2,4,3,2,1,1,0,5,2,1
1035,4,2,0,3,4,0,12,4,0,0,8,4,5,0,3,3,2,1,2,0
1036,1,1,1,4,2,0,3,6,1,0,4,6,3,6,9,0,0,0,1,4
1037,3,0,4,1,7,1,5,5,0,0,2,6,6,1,4,2,7,1,0,1
1038,1,0,3,3,2,1,3,2,0,2,3,2,2,4,4,2,2,4,1,1
1039,2,1,6,1,1,0,4,4,0,1,5,6,5,6,3,0,3,2,0,3
1040,1,1,3,4,3,0,4,5,0,1,4,10,6,3,4,1,1,1,3,1
1041,2,2,3,4,6,5,2,6,0,0,5,6,3,5,5,0,1,2,2,1
1042,2,1,0,3,3,5,6,2,0,4,3,4,4,1,3,1,5,3,1,3
1043,0,2,1,3,2,1,3,7,0,0,2,4,7,2,1,2,2,2,2,0
1044,2,1,1,4,0,1,0,1,2,2,3,1,1,1,0,1,4,0,3,5
1045,2,1,1,3,5,1,3,6,2,2,4,5,3,3,6,1,1,2,0,0
1046,0,0,3,1,2,5,4,0,2,1,2,2,8,3,4,1,0,1,2,5
1047,1,2,3,1,3,1,1,3,0,0,3,4,3,4,4,0,3,2,1,0
1048,2,0,3,3,3,1,3,5,0,1,6,2,6,5,3,1,1,0,3,1
1049,0,1,2,8,1,1,3,4,2,1,4,3,5,4,7,0,0,0,2,1
1050,0,3,2,1,4,3,5,5,1,1,1,7,1,2,4,4,5,4,1,2
1051,2,3,3,2,4,2,3,5,1,2,3,8,3,2,7,0,0,0,2,1
1052,0,2,0,1,1,2,3,0,3,3,5,1,6,1,1,1,2,2,5,1
1053,2,0,1,4,4,2,2,0,2,1,3,3,5,2,3,1,2,2,2,2
1054,6,1,0,1,2,2,1,3,2,3,3,2,3,1,5,4,0,2,4,3
1055,2,2,6,7,5,1,2,9,0,1,3,3,7,3,9,0,2,0,2,2
1056,0,3,4,2,2,1,1,4,2,4,5,1,2,4,4,0,1,1,4,1
1057,3,2,3,2,3,3,1,0,2,0,6,3,1,2,1,2,3,3,2,3
1058,1,1,4,2,4,5,2,0,2,4,4,3,3,0,4,1,1,5,3,4
1059,2,1,2,0,2,1,3,8,0,0,3,3,4,2,5,2,3,1,1,2
1060,0,0,2,3,3,0,1,3,0,0,4,3,6,4,4,0,1,0,1,1
1061,0,2,2,1,4,2,3,2,3,6,2,1,7,1,3,2,1,3,3,1
1062,1,0,2,3,1,4,2,4,4,1,2,3,2,2,5,0,2,3,4,1
1063,3,0,0,4,4,2,3,5,1,0,4,9,3,4,1,2,3,4,0,1
1064,0,0,2,1,3,4,4,3,2,2,2,3,3,2,2,1,2,1,0,4
1065,2,4,1,2,2,1,2,3,4,3,2,3,4,3,1,1,3,5,5,4
1066,0,1,5,2,1,0,5,6,1,1,2,2,8,4,7,2,5,1,5,1
1067,1,0,3,1,5,0,5,3,2,4,1,3,4,5,7,2,0,2,0,1
1068,0,1,2,2,5,4,1,2,3,1,2,4,1,2,3,1,4,1,3,3
1069,5,2,2,1,0,1,3,2,2,1,3,3,7,3,2,1,2,2,2,0
1070,0,2,3,2,1,3,3,5,1,2,3,5,2,3,6,0,2,2,2,2
1071,1,6,3,2,2,1,2,3,1,1,2,0,7,2,4,2,3,0,0,1
1072,3,4,0,4,3,2,0,1,0,2,2,2,0,3,1,1,2,3,3,1
1073,1,1,4,3,2,4,5,4,3,4,5,5,3,2,3,0,4,2,1,1
1074,0,2,1,0,5,1,7,3,0,1,3,0,8,2,1,1,5,1,1,1
1075,0,2,3,1,4,1,4,4,2,2,4,0,5,0,3,0,1,3,2,3
1076,1,1,2,5,0,0,2,5,0,5,8,4,6,4,9,0,5,0,4,4
1077,0,0,1,2,3,1,3,4,0,2,6,3,0,1,3,0,4,1,1,4
1078,0,1,6,2,5,4,2,4,2,3,4,1,7,2,6,0,4,3,3,0
1079,1,3,1,2,3,1,2,3,1,0,1,3,1,4,4,1,5,3,1,3
1080,0,2,8,3,3,1,6,4,3,0,2,1,4,1,7,1,2,0,1,0
1081,1,3,2,4,1,0,1,1,3,1,1,1,1,2,3,3,1,4,2,2
1082,0,2,3,1,3,2,4,7,0,0,3,5,4,2,1,2,5,4,0,0
1083,0,0,2,2,6,1,1,4,2,1,2,6,3,3,4,0,2,1,1,4
1084,1,1,2,2,1,1,2,8,2,3,6,2,4,2,7,2,0,1,3,1
1085,1,4,2,1,4,4,2,2,0,4,1,3,2,2,1,3,2,1,6,3
1086,5,2,6,2,2,2,4,2,4,4,2,6,5,3,3,1,3,2,1,3
1087,1,0,4,4,4,0,3,3,0,1,6,0,4,4,7,0,2,1,2,0
1088,0,2,2,3,3,0,7,5,0,1,3,4,2,1,4,1,0,6,3,3
1089,1,3,4,3,3,3,4,3,3,1,3,4,8,3,5,0,3,4,0,1
1090,2,0,1,2,5,1,2,2,0,1,5,1,6,0,2,0,1,4,3,1
1091,3,1,0,2,2,1,9,6,0,2,3,0,6,6,4,2,2,1,3,0
1092,1,0,3,4,4,2,0,2,0,0,2,4,3,0,4,1,3,3,3,1
1093,0,2,2,2,3,2,5,5,1,1,0,4,3,3,1,1,3,1,0,0
1094,3,2,3,0,2,2,1,6,0,3,3,1,4,4,1,1,0,0,8,2
1095,0,2,4,2,2,1,3,7,1,2,1,0,6,3,4,0,2,0,6,3
1096,0,0,3,3,1,2,6,3,0,3,1,4,6,6,2,0,2,3,4,2
1097,1,1,3,6,1,1,0,9,0,4,0,7,2,2,1,0,1,1,5,4
1098,4,2,2,2,1,1,2,6,1,4,5,5,7,3,5,2,0,0,5,0
1099,1,3,1,5,5,0,0,7,1,3,1,1,7,10,3,1,1,0,3,7
1100,3,2,3,8,1,1,1,4,2,4,1,2,5,8,6,0,1,0,4,2
1101,0,1,3,5,1,0,2,10,1,1,5,5,1,6,5,2,1,0,4,1
1102,3,4,3,1,4,0,3,4,3,1,2,3,6,2,3,2,4,3,0,1
1103,1,4,0,2,3,1,2,5,1,4,6,6,8,4,3,1,0,0,3,4
1104,0,3,1,3,1,0,2,2,1,4,5,2,5,4,5,1,0,2,2,4
1105,0,1,2,1,3,2,2,8,0,0,6,3,7,2,1,2,1,2,0,0
1106,0,2,2,2,4,0,3,9,0,2,1,2,1,2,7,3,2,1,2,1
1107,1,3,2,2,1,3,4,2,3,6,4,7,4,2,4,0,0,2,0,3
1108,0,1,2,4,1,0,0,3,0,1,0,7,7,3,2,0,0,2,1,3
1109,0,0,2,1,5,0,5,9,1,1,5,1,3,5,3,1,4,2,1,0
1110,1,2,2,4,4,0,2,8,3,1,7,6,4,3,5,0,0,0,3,3
1111,1,0,4,4,9,1,4,8,1,3,3,4,5,5,3,1,2,4,3,0
1112,2,1,0,2,2,0,1,3,0,0,0,5,2,2,4,0,2,0,3,0
1113,2,0,1,4,3,1,4,6,0,2,2,2,6,6,3,1,3,0,1,1
1114,0,3,2,1,1,1,7,3,0,1,1,1,5,0,3,0,0,4,1,1
1115,0,2,3,5,4,2,1,3,2,4,1,2,3,3,2,0,4,0,1,0
1116,2,3,2,2,2,1,1,3,2,0,4,4,5,1,2,1,1,0,1,0
1117,2,3,4,0,1,7,1,3,2,2,2,4,2,1,3,1,7,2,2,2
1118,0,4,4,1,3,4,4,3,1,5,4,3,8,1,5,2,0,2,2,0
1119,1,0,2,2,4,0,3,6,0,2,4,6,5,0,3,0,1,1,0,0
1120,0,2,2,5,4,1,5,4,0,1,2,3,4,4,1,0,1,3,1,2
1121,5,1,1,1,3,1,3,4,3,1,1,2,4,2,6,1,3,1,1,5
1122,0,0,2,0,3,1,4,7,0,0,3,3,1,1,2,3,4,2,0,0
1123,1,0,4,2,6,1,6,6,0,1,3,3,3,1,3,2,3,3,2,1
1124,1,3,3,3,6,1,2,5,3,2,5,5,2,3,3,1,3,0,1,0
1125,2,0,5,1,1,2,3,8,0,1,4,4,2,3,2,0,3,5,1,1
1126,2,3,2,7,4,0,2,5,0,1,2,2,6,5,5,0,0,1,1,4
1127,1,2,2,3,4,0,3,4,0,1,5,1,3,4,1,2,3,2,1,1
1128,1,1,4,2,1,0,5,6,1,1,3,6,4,2,3,0,2,4,0,1
1129,2,1,2,2,1,2,1,1,3,3,2,2,1,5,3,6,2,1,3,3
1130,2,3,4,1,1,4,3,1,3,2,2,3,4,2,3,0,2,1,2,1
1131,0,1,2,2,4,2,3,5,2,1,3,2,3,2,3,1,3,0,2,1
1132,2,4,3,1,6,3,1,1,4,2,4,2,0,6,3,2,2,4,4,2
1133,0,0,1,4,2,2,1,3,1,6,2,2,5,2,2,0,1,0,1,2
1134,3,1,3,2,2,2,1,2,2,1,1,1,1,1,3,1,2,5,2,2
1135,3,1,7,2,2,1,6,3,0,0,2,7,7,5,1,3,0,1,2,2
1136,1,0,2,0,3,3,3,2,1,3,2,2,1,2,3,2,1,1,1,4
1137,1,0,2,2,3,4,3,5,4,4,2,4,1,1,4,0,3,3,2,4
1138,3,0,2,0,9,0,11,6,0,1,3,3,6,4,2,1,0,2,1,0
1139,0,1,1,2,4,0,2,4,0,1,5,2,3,3,7,0,2,0,2,4
1140,1,1,3,5,1,1,0,4,2,2,5,0,4,5,5,1,1,0,2,3
1141,0,1,3,3,1,1,2,6,1,3,5,4,7,1,3,1,1,0,0,1
1142,0,1,3,4,1,1,3,2,2,1,4,5,10,1,5,2,3,1,2,2
1143,2,1,2,1,1,2,2,2,0,0,3,6,5,1,6,0,5,3,2,0
1144,1,2,1,2,4,1,2,5,0,1,4,6,8,4,4,0,2,0,3,1
1145,2,3,1,5,4,5,1,7,1,4,4,2,2,1,1,5,1,2,2,2
1146,0,0,1,2,2,0,1,5,1,2,7,5,4,2,3,3,3,2,1,0
1147,1,3,2,3,3,1,1,5,3,2,1,8,3,6,6,1,1,2,5,2
1148,1,3,3,1,4,3,2,1,1,1,1,0,2,1,3,3,1,3,1,3
1149,3,1,9,4,3,2,10,4,0,0,1,5,3,3,4,0,5,2,2,1
1150,1,1,4,3,2,0,3,7,1,0,6,1,3,3,0,2,7,3,2,0
1151,1,1,2,1,3,0,5,8,1,1,2,5,8,0,3,4,7,5,0,0
1152,4,4,3,1,5,2,0,3,3,4,2,2,1,1,2,3,1,2,4,2
1153,3,5,2,3,1,2,8,2,2,0,3,2,2,1,3,1,1,0,3,1
1154,1,2,3,2,3,0,6,7,0,3,4,6,6,3,2,3,2,1,1,3
1155,3,0,0,2,3,3,2,2,1,4,4,2,4,3,2,2,2,1,3,2
1156,0,2,3,4,1,0,3,12,0,4,3,4,7,6,6,2,6,2,0,1
1157,0,1,3,1,4,2,7,4,2,2,2,2,5,1,3,2,2,3,1,3
1158,0,1,4,2,0,0,2,9,0,0,3,4,5,3,3,0,2,3,1,2
1159,1,2,2,5,2,2,1,6,0,2,4,4,5,4,5,0,2,0,1,2
1160,0,1,2,4,4,1,1,5,0,3,4,4,3,0,3,0,1,0,4,1
1161,3,1,6,1,6,1,7,1,8,3,6,2,7,4,4,0,3,3,1,4
1162,5,2,2,0,2,2,4,1,4,2,5,1,6,1,0,0,1,2,1,4
1163,2,1,0,2,5,0,7,2,4,2,5,1,1,2,5,0,2,2,0,3
1164,0,1,2,3,4,1,1,1,4,3,6,3,2,3,4,0,2,0,2,3
1165,3,3,3,1,4,0,3,1,1,3,2,3,2,2,3,0,1,4,2,1
1166,1,1,3,2,3,0,7,6,0,2,3,4,8,4,3,0,4,0,2,1
1167,5,3,1,1,4,2,0,5,2,0,1,2,2,0,2,2,5,1,4,3
1168,1,1,5,4,2,0,2,4,0,2,2,4,5,4,4,3,2,1,1,0
1169,1,4,2,6,2,1,2,5,1,2,0,1,6,5,1,1,1,0,7,4
1170,0,5,3,3,4,0,2,4,1,4,3,4,1,2,3,1,3,0,3,3
1171,1,3,2,5,4,0,4,2,1,2,6,4,7,5,3,0,0,0,5,3
1172,1,1,2,6,1,0,2,5,0,2,6,1,8,4,5,0,3,0,4,2
1173,1,4,0,6,0,3,4,5,1,0,1,4,2,5,6,1,2,0,3,3
1174,1,4,5,3,3,1,2,3,1,2,3,6,7,5,2,3,1,1,2,4
1175,2,0,3,2,2,2,3,2,3,2,3,1,1,1,3,1,4,1,3,1
1176,2,1,4,4,8,0,2,6,0,2,4,6,2,3,4,1,4,3,2,2
1177,1,1,5,1,8,1,0,6,2,1,9,2,4,5,2,2,2,3,1,1
1178,0,0,4,1,3,3,4,3,2,3,2,2,6,1,1,1,1,1,3,3
1179,3,0,2,1,2,0,0,0,4,1,3,3,1,3,3,2,2,1,2,0
1180,0,3,3,5,3,2,3,4,1,2,3,4,1,2,3,0,1,0,4,1
1181,6,2,5,2,1,0,4,4,0,1,3,4,4,0,4,3,3,6,3,0
1182,1,0,3,0,4,5,4,2,4,4,1,5,3,1,2,1,3,3,3,1
1183,0,1,4,6,2,0,6,10,0,0,5,6,8,3,5,4,2,4,4,1
1184,1,0,3,3,1,0,6,2,0,2,5,3,4,4,4,1,3,0,1,3
1185,2,0,1,2,6,2,7,4,0,1,4,4,8,3,4,4,4,1,1,0
1186,3,0,1,0,5,0,1,8,0,2,1,8,4,0,3,1,3,3,1,0
1187,2,3,3,1,4,0,6,5,0,7,3,3,9,1,8,0,2,1,5,1
1188,1,2,4,1,2,2,2,5,0,4,1,1,5,2,2,1,1,1,4,3
1189,1,1,4,0,7,2,6,5,0,0,2,5,3,2,3,1,2,0,1,0
1190,1,2,2,3,3,3,2,7,4,0,2,4,7,2,1,2,1,4,2,1
1191,1,4,2,3,3,0,4,4,0,0,2,3,3,1,5,0,3,3,2,2
1192,1,0,2,0,3,0,7,6,0,2,9,3,4,3,3,1,7,2,0,1
1193,2,2,4,4,5,2,8,2,3,5,1,6,5,2,1,1,4,4,1,1
1194,1,1,2,3,4,1,1,5,0,4,5,3,6,3,3,2,4,2,2,0
1195,0,0,4,3,2,0,2,5,0,0,5,2,5,2,1,0,0,0,3,3
1196,0,3,4,2,2,3,6,2,3,2,3,3,3,1,2,1,1,2,1,0
1197,0,4,2,0,6,0,1,1,0,2,2,6,7,2,3,0,0,0,6,1
1198,1,0,2,7,2,1,3,9,1,3,8,4,1,6,6,0,2,0,2,0
1199,1,5,3,5,3,0,2,5,0,3,4,2,6,4,3,2,2,0,4,3
1200,2,2,0,3,3,2,4,6,0,0,5,10,7,7,6,0,2,0,5,2
1201,0,2,4,5,1,1,5,6,0,2,3,2,6,5,6,0,1,0,3,2
1202,2,2,4,2,2,1,6,2,1,2,4,4,6,3,1,2,4,1,2,0
1203,2,4,0,3,3,2,1,2,3,1,1,3,2,5,2,4,2,4,5,4
1204,0,0,2,5,0,2,0,2,0,3,3,4,6,4,5,1,1,1,4,1
1205,1,0,4,2,4,1,1,5,0,4,4,3,2,6,2,2,2,0,2,0
1206,0,3,2,3,0,1,3,3,0,0,2,6,1,5,5,1,3,1,1,1
1207,3,0,3,5,1,3,0,1,3,4,5,2,2,4,3,0,6,1,1,1
1208,0,1,4,8,5,1,3,2,2,1,6,4,7,3,4,4,1,1,1,1
1209,1,1,2,5,3,0,1,6,2,2,5,2,3,8,1,2,1,1,1,0
1210,0,2,1,2,4,2,4,1,0,1,3,2,5,1,1,1,3,4,3,5
1211,0,1,3,5,1,0,3,5,0,2,5,2,7,4,6,1,0,0,4,1
1212,3,1,4,7,1,1,2,1,2,0,1,4,5,4,1,0,0,0,2,0
1213,1,0,3,1,2,3,7,3,0,1,1,2,6,6,3,1,2,7,3,3
1214,1,0,5,0,5,2,7,4,0,1,2,2,10,1,3,2,4,4,2,1
1215,2,0,0,4,2,0,2,5,2,0,6,3,4,4,4,0,3,0,1,0
1216,4,6,4,1,3,0,4,0,4,3,3,1,4,2,0,4,1,3,5,2
1217,1,2,2,3,4,0,4,1,1,2,3,5,6,7,5,0,1,0,3,1
1218,1,0,3,2,6,3,6,4,1,2,2,1,2,3,3,2,2,2,2,3
1219,0,2,1,5,5,2,5,1,5,4,2,1,5,3,3,1,3,2,0,2
1220,0,2,3,1,2,4,2,6,1,1,2,1,1,1,3,2,4,2,2,2
1221,0,0,2,2,1,0,0,11,1,2,3,3,5,2,5,1,0,0,3,1
1222,1,0,2,6,5,0,4,4,1,3,3,4,4,7,5,1,1,0,2,3
1223,2,1,3,4,3,1,2,1,0,1,2,3,4,1,5,0,5,3,4,0
1224,3,1,4,2,3,2,5,6,0,1,3,2,4,0,4,0,2,0,2,1
1225,0,1,6,2,2,2,6,4,1,2,3,8,5,4,2,0,1,3,3,1
1226,0,0,1,3,4,1,3,5,0,0,1,5,3,2,3,1,8,1,2,0
1227,0,3,2,0,2,2,2,5,0,1,1,5,6,2,6,0,3,1,3,0
1228,0,0,1,2,4,1,6,2,0,2,4,6,9,0,1,1,2,1,3,0
1229,1,1,1,4,1,2,3,6,0,3,1,3,2,4,1,0,5,3,0,1
1230,3,0,4,5,2,0,3,3,0,1,4,2,9,4,2,0,5,1,4,4
1231,0,0,2,7,4,1,2,4,4,2,0,4,5,2,4,0,1,4,3,5
1232,0,1,4,2,4,1,4,3,0,0,4,3,7,3,1,2,3,0,0,2
1233,2,5,5,2,1,2,6,3,1,2,1,1,5,2,2,2,3,3,1,3
1234,0,1,2,2,2,2,4,9,0,0,4,8,0,6,4,2,3,0,1,0
1235,0,1,5,4,4,4,4,3,2,3,3,1,2,2,3,0,3,2,1,1
1236,0,1,1,1,2,0,1,7,0,1,3,4,3,5,1,2,4,0,1,3
1237,2,1,1,6,0,0,4,6,1,1,5,3,6,4,6,0,2,3,1,3
1238,0,2,1,4,5,1,5,9,0,3,4,5,5,6,3,1,3,0,2,1
1239,0,0,2,0,1,0,7,8,0,1,3,6,2,2,1,1,2,3,1,1
1240,2,1,2,2,3,2,8,4,2,3,5,8,4,0,1,0,2,2,0,0
1241,0,1,5,1,1,0,3,10,0,0,2,5,6,1,1,2,3,2,1,1
1242,2,2,1,4,2,2,1,9,0,1,1,2,4,1,6,1,0,2,3,1
1243,0,2,0,2,3,0,3,6,1,2,6,5,9,2,11,1,1,2,1,4
1244,4,2,4,5,3,0,4,3,0,1,3,5,2,4,1,0,7,1,0,0
1245,0,0,3,3,3,1,4,2,0,2,2,2,6,3,2,2,2,2,3,4
1246,0,0,0,7,2,2,4,9,2,2,5,10,6,3,10,0,0,0,3,1
1247,4,4,1,2,2,2,2,3,2,3,4,3,0,4,3,0,0,1,1,2
1248,3,1,1,1,6,2,4,8,0,1,4,3,4,5,6,1,7,4,0,1
1249,0,2,4,4,1,2,3,2,0,1,6,3,4,2,3,1,1,0,1,0
1250,1,3,1,1,3,0,3,4,1,1,2,3,3,3,2,4,3,2,2,3
1251,1,2,3,1,4,2,5,1,1,1,5,4,6,4,2,0,2,0,2,4
1252,2,1,2,2,4,1,4,4,0,2,8,3,1,4,5,0,2,1,1,0
1253,0,0,2,2,2,1,0,5,1,3,5,8,5,7,6,1,0,0,5,3
1254,4,1,4,3,4,1,8,3,1,1,4,7,2,2,7,0,5,5,2,2
1255,2,2,1,5,4,2,6,9,1,0,3,2,11,3,1,1,2,1,4,0
1256,0,0,2,3,4,2,2,6,0,2,6,4,4,1,5,1,3,3,1,0
1257,4,1,1,5,3,0,1,4,0,0,3,6,2,4,3,4,2,3,5,4
1258,2,0,3,2,3,0,0,3,3,2,2,4,3,3,3,0,2,2,3,0
1259,4,1,1,1,1,3,3,3,2,1,1,2,8,2,1,2,2,0,4,1
1260,1,2,2,2,2,0,0,2,0,0,5,4,6,1,3,2,0,4,0,0
1261,2,0,2,10,1,4,1,3,2,3,1,4,11,5,4,1,1,2,6,1
1262,4,2,1,6,1,3,3,4,2,4,4,6,7,5,7,0,0,0,2,4
1263,1,2,4,7,1,2,0,8,1,1,1,5,2,4,4,0,0,1,3,1
1264,3,1,2,3,4,2,5,2,0,0,6,2,3,2,2,2,2,0,3,0
1265,3,0,2,1,5,4,1,3,0,3,3,4,1,1,1,1,3,2,4,0
1266,1,0,5,3,3,1,4,6,0,0,4,2,5,2,5,0,9,2,2,1
1267,1,5,4,3,1,2,1,6,1,3,4,7,8,4,4,0,0,0,6,3
1268,1,2,3,1,2,4,3,3,3,3,0,3,8,0,3,0,1,1,3,0
1269,2,4,5,3,3,1,4,4,3,1,0,1,3,1,2,3,2,2,4,4
1270,2,0,0,5,4,0,6,4,1,2,3,8,2,6,6,1,3,2,2,1
1271,1,3,3,1,1,4,8,1,0,0,3,2,4,2,3,4,4,4,1,0
1272,0,0,4,0,3,1,4,3,2,4,2,2,4,0,4,1,2,0,0,6
1273,2,4,4,3,0,3,0,2,5,4,4,3,2,1,1,3,0,7,3,4
1274,0,0,1,3,2,1,6,4,1,2,6,6,5,3,6,2,0,0,2,2
1275,3,0,0,2,1,2,6,4,1,3,2,7,2,3,5,1,1,4,1,3
1276,0,4,2,4,3,1,1,5,1,1,1,5,0,3,6,0,1,0,5,0
1277,1,1,2,3,2,0,6,4,0,2,1,4,5,2,2,3,4,3,0,2
1278,0,0,3,1,1,1,3,6,2,1,0,3,6,0,3,1,2,2,6,5
1279,4,2,3,2,6,1,4,4,2,1,2,3,0,2,3,3,4,5,3,1
1280,1,2,3,4,2,1,1,2,2,1,2,7,4,0,6,0,4,0,3,2
1281,1,3,2,5,3,3,1,3,3,3,1,1,2,2,5,1,1,2,2,2
1282,4,3,2,2,3,1,0,9,0,0,2,5,3,4,2,0,1,1,1,2
1283,2,3,0,5,1,2,2,1,3,3,2,5,1,3,3,0,2,2,5,1
1284,1,1,3,4,2,4,7,3,2,2,4,3,5,1,5,1,2,2,1,3
1285,1,3,2,1,2,3,3,4,3,3,2,0,2,3,4,0,2,2,3,2
1286,1,2,2,3,2,3,5,5,2,4,3,2,3,0,2,1,5,2,4,2
1287,0,0,3,0,4,1,5,8,2,0,2,5,1,1,2,4,3,3,1,1
1288,2,0,1,2,2,1,3,8,3,3,1,0,5,0,2,1,2,0,3,3
1289,1,4,4,10,1,2,3,3,0,2,6,4,4,3,7,1,0,0,9,4
1290,0,2,0,0,1,0,1,3,5,3,4,1,3,3,1,1,1,2,2,6
1291,2,2,1,2,2,0,0,6,0,3,5,3,6,2,9,0,3,1,1,1
1292,1,4,1,6,1,0,0,1,2,1,0,3,3,1,6,2,5,6,3,3
1293,0,4,4,2,1,0,2,5,2,0,5,0,2,1,4,0,5,0,1,1
1294,0,2,2,2,1,0,6,2,0,2,1,4,4,4,3,1,0,3,2,5
1295,2,0,5,3,2,0,3,7,0,1,3,6,6,3,3,2,3,1,1,5
1296,1,2,4,2,2,1,3,4,2,3,4,4,4,4,1,1,1,1,2,1
1297,0,0,4,4,1,1,3,6,1,4,6,6,4,3,4,2,0,0,1,3
1298,0,3,2,4,1,3,0,3,0,3,2,8,2,4,4,0,2,0,5,2
1299,1,1,3,1,8,1,0,6,0,1,6,3,8,2,2,0,0,1,1,1
1300,5,4,2,2,2,4,4,1,4,3,4,3,2,2,5,3,2,3,1,2
1301,4,3,4,2,2,2,3,2,3,1,7,2,1,4,1,0,2,2,1,3
1302,0,1,6,4,8,1,1,8,0,1,4,4,3,4,4,1,1,0,0,0
1303,3,1,1,1,3,2,2,1,2,1,3,4,6,1,2,0,1,3,5,3
1304,1,4,1,3,2,0,4,7,0,0,1,1,8,6,2,0,1,0,2,1
1305,1,0,3,4,5,3,5,5,2,2,2,8,6,1,8,1,4,1,3,1
1306,1,0,2,3,0,2,5,4,0,3,3,5,3,2,9,0,2,0,2,3
1307,1,1,2,1,3,3,5,3,1,2,5,4,1,1,2,2,3,2,3,1
1308,0,2,7,1,8,2,3,5,5,0,2,1,7,3,2,3,4,0,2,0
1309,0,1,2,0,6,2,10,4,0,2,1,5,7,3,1,1,5,1,1,1
1310,1,0,5,2,1,1,8,6,1,0,3,1,9,1,7,0,3,2,3,3
1311,0,1,2,2,3,2,2,1,1,1,3,6,6,2,1,0,2,0,4,2
1312,1,0,2,1,1,0,1,9,0,1,2,5,3,1,2,0,3,1,3,5
1313,4,2,1,5,4,0,2,4,0,2,3,4,4,2,4,1,1,1,1,2
1314,0,1,2,2,10,0,4,3,0,2,3,1,4,0,1,0,3,1,2,1
1315,2,1,3,5,1,3,2,2,3,8,2,3,3,5,2,0,5,4,2,3
1316,0,2,1,2,2,0,0,1,0,3,1,7,5,4,4,1,2,1,3,1
1317,3,2,1,1,2,3,3,4,2,4,1,0,2,0,2,2,2,3,4,3
1318,0,3,1,4,0,3,6,4,2,1,3,1,5,1,3,0,1,1,4,2
1319,0,1,1,5,4,2,3,1,1,1,5,2,3,3,3,0,0,0,5,3
1320,2,1,2,2,4,0,5,5,1,2,3,4,4,2,4,1,3,2,5,1
1321,0,1,0,1,1,2,3,3,2,5,6,0,2,2,2,2,1,1,3,0
1322,0,2,3,4,1,0,5,4,0,1,2,5,6,5,1,1,4,1,4,2
1323,1,3,2,3,2,0,2,1,1,2,2,3,5,5,5,1,6,0,4,2
1324,0,3,1,4,3,0,5,6,1,1,2,0,2,7,7,2,2,1,3,2
1325,0,2,4,5,3,0,1,2,0,3,1,2,7,7,5,0,0,0,3,2
1326,0,2,3,2,5,3,2,4,3,2,3,1,7,0,2,1,2,2,3,1
1327,0,2,2,7,1,1,2,1,2,2,3,3,5,5,8,0,0,0,4,2
1328,0,1,1,7,4,1,3,6,0,1,1,4,5,4,3,1,5,0,1,5
1329,1,3,4,2,2,0,2,3,2,3,1,8,3,4,1,0,1,0,1,1
1330,1,0,3,2,2,1,4,2,0,1,4,3,2,2,5,2,3,2,0,0
1331,1,0,1,1,2,2,6,3,1,1,3,2,2,2,5,0,6,2,1,1
1332,0,1,9,2,5,0,3,8,0,3,3,3,3,2,4,0,1,0,4,1
1333,2,0,5,0,3,0,6,7,0,1,1,1,3,3,0,3,4,1,0,2
1334,3,0,4,2,5,4,1,5,0,1,3,6,2,3,4,4,2,3,1,2
1335,1,1,3,2,5,0,7,5,1,3,4,1,4,5,3,1,1,5,3,3
1336,1,3,1,4,3,1,3,4,0,0,3,3,6,1,0,1,2,1,1,0
1337,3,1,1,3,3,2,2,9,0,2,2,5,4,2,3,4,5,1,3,2
1338,0,0,4,3,2,1,4,1,0,0,1,6,3,1,3,1,3,1,1,2
1339,2,3,1,6,6,1,9,3,0,1,4,8,4,4,4,0,1,2,0,1
1340,1,1,2,3,0,1,4,6,0,2,5,5,6,3,2,2,3,2,3,1
1341,3,1,5,2,1,3,4,2,2,2,6,2,4,0,5,1,0,3,0,1
1342,6,2,4,3,4,1,2,3,2,2,2,4,5,2,2,0,0,2,6,2
1343,0,5,6,2,2,1,6,2,1,0,3,3,6,7,2,0,5,4,3,1
1344,0,2,3,2,7,4,6,2,3,2,2,8,3,2,4,2,1,4,2,1
1345,2,1,3,2,2,1,3,4,1,2,0,2,0,3,1,1,5,0,2,0
1346,0,1,3,4,2,0,4,6,3,1,2,5,7,4,3,1,0,0,2,0
1347,0,3,2,3,5,0,1,8,0,3,3,3,6,2,4,0,1,0,4,2
1348,2,0,6,0,4,1,7,4,2,1,4,3,3,1,2,1,3,2,2,0
1349,2,0,4,4,3,1,2,3,5,0,1,0,2,6,1,4,2,2,0,2
1350,1,1,1,1,2,2,1,2,4,3,4,5,6,2,1,0,4,1,0,1
1351,0,3,3,3,4,1,5,5,7,0,1,6,6,4,2,1,2,2,2,3
1352,0,0,2,2,2,0,5,3,3,7,3,2,5,1,4,1,0,1,5,1
1353,2,3,1,0,8,1,5,3,1,1,2,1,4,2,2,3,3,1,3,0
1354,0,0,0,1,2,0,1,3,1,1,5,8,4,7,8,0,1,1,6,4
1355,1,2,5,2,1,1,6,2,4,3,8,0,5,2,3,0,4,0,3,2
1356,1,1,3,3,4,3,7,5,0,0,4,7,6,3,1,1,5,4,2,0
1357,1,5,1,2,2,2,5,4,1,1,2,4,4,1,3,0,6,4,3,0
1358,0,2,0,1,4,1,3,1,2,1,1,3,6,1,6,1,0,3,0,2
1359,4,1,3,3,4,3,2,7,0,1,2,3,6,6,0,0,4,1,5,2
1360,1,3,4,2,0,0,4,3,0,0,3,3,5,4,4,2,2,6,2,4
1361,0,4,2,4,3,2,0,1,1,4,1,4,1,6,3,0,0,0,2,2
1362,2,1,2,2,4,1,3,6,0,2,0,3,7,2,4,3,1,3,1,2
1363,3,0,4,3,3,1,11,5,0,0,2,5,5,2,2,2,1,3,1,0
1364,2,1,2,4,2,1,6,6,0,1,3,4,5,5,4,1,4,3,0,0
1365,0,1,6,6,8,2,5,7,1,2,5,3,6,5,5,0,6,0,1,3
1366,0,0,2,6,1,0,4,4,0,4,4,7,5,9,5,1,0,0,3,3
1367,2,0,0,2,5,0,4,5,1,0,7,2,7,4,4,3,4,3,1,1
1368,2,1,1,3,1,3,1,2,5,5,2,2,2,5,3,0,1,3,2,3
1369,4,1,3,2,3,1,6,6,0,0,5,5,7,5,2,0,4,1,1,0
1370,2,1,1,3,4,1,3,3,0,2,6,3,4,5,7,0,2,3,0,1
1371,1,2,4,1,3,1,1,8,0,4,4,7,4,3,2,0,0,0,2,5
1372,1,2,0,1,5,3,3,3,2,0,5,1,6,5,2,5,2,3,3,0
1373,4,4,5,0,4,4,3,2,1,2,3,2,0,1,3,2,5,2,0,1
1374,2,1,2,0,3,0,5,2,2,1,5,3,3,2,4,1,4,2,0,0
1375,0,0,2,3,0,1,4,4,3,3,2,3,5,2,3,2,2,2,1,1
1376,0,1,5,4,1,3,5,3,3,3,1,3,3,1,2,1,2,4,3,1
1377,2,1,8,0,5,1,3,9,0,0,6,6,4,2,2,2,1,1,1,0
1378,4,9,4,2,1,3,4,3,2,1,3,2,1,2,3,4,1,1,1,0
1379,1,3,3,1,3,2,1,6,1,2,6,3,2,1,3,2,4,3,3,2
1380,1,1,3,4,7,1,3,9,1,1,4,4,3,4,5,1,1,1,0,1
1381,0,2,4,4,1,2,1,2,0,6,2,5,3,5,6,0,1,0,3,2
1382,1,0,6,4,3,1,2,3,3,0,7,6,4,6,4,1,5,1,1,1
1383,1,4,3,3,2,1,2,2,0,2,5,4,5,6,6,0,0,0,4,2
1384,0,3,4,3,5,2,2,1,2,7,3,2,6,1,4,1,1,1,7,1
1385,0,0,2,3,2,5,2,3,3,3,2,1,7,2,3,1,1,3,3,5
1386,0,2,4,2,3,0,1,1,2,2,1,2,0,1,3,1,3,4,3,2
1387,0,2,1,1,3,1,4,3,0,2,3,5,6,0,2,2,1,1,4,1
1388,2,2,4,2,3,1,3,8,2,2,5,2,4,4,5,0,4,3,3,2
1389,2,2,1,2,4,2,2,4,3,5,2,7,4,7,4,4,3,2,0,1
1390,0,1,5,4,1,3,1,3,1,4,3,3,9,4,4,0,1,1,1,1
1391,0,3,4,4,4,1,1,1,2,1,2,2,0,5,1,5,3,3,0,3
1392,1,2,3,1,5,0,1,2,0,2,6,3,5,3,1,1,1,3,3,0
1393,1,1,3,3,4,1,2,4,0,1,8,2,3,4,1,1,1,0,1,3
1394,0,2,6,2,4,0,1,7,0,1,1,4,4,4,5,1,3,1,2,0
1395,1,0,0,0,0,2,3,8,0,0,2,5,4,1,3,0,1,2,1,3
1396,1,3,3,3,3,2,3,5,1,0,2,4,6,1,3,0,4,0,1,3
1397,2,1,2,3,2,5,2,1,3,3,1,1,4,5,4,3,1,2,4,5
1398,2,0,5,3,5,3,5,3,1,4,1,2,7,3,2,2,2,0,4,0
1399,4,0,1,1,2,1,3,7,0,4,4,8,5,1,4,2,3,3,1,3